,,Dryer,Dryer,Dryer,Dryer,Dryer,Dryer,Dryer,Dryer,Dryer,Dryer,Dryer,Dryer,,,,,,Pellet Mill 1,Pellet Mill 1,Pellet Mill 1,Pellet Mill 1,Pellet Mill 1,,Pellet Mill 2,Pellet Mill 2,Pellet Mill 2,Pellet Mill 2,Pellet Mill 2,,Pellet Mill 3,Pellet Mill 3,Pellet Mill 3,Pellet Mill 3,Pellet Mill 3,,,,Quality,,,,,,Throughput,Throughput,Throughput,Throughput,Throughput,Throughput,Throughput,Throughput,Throughput,,,CHP,CHP,CHP,CHP,CHP,CHP,CHP,CHP
Date Time,,Dryer Tonnage,Moisture %  Displayed Value at Dryer Inlet,Dryer bed Temp° C,Moisture %  Displayed Value at Dryer Outlet,Moisture %  Actual Value at Dryer Outlet,Dryer belt speed %,Dryer out feed t/h,Dry Silo 1 Level %,Dry Silo 2 Level %,Dryer 1/2 fan speed,Fresh Air Temp° C,Water Addition at Dryer,,Valve position open at %,Pellet Mill Moistures %,Press Hopper Temperature,,Press 1 - Left Roller Temperature,Press 1 - Right Roller Temperature,Press 1 - Load Amps,Press 1 - Feeder %,Press 1 kWh/t,,Press 2 - Left Roller Temperature,Press 2 - Right Roller Temperature,Press 2 - Load Amps,Press 2 - Feeder %,Press 2 kWh/t,,Press 3 - Left Roller Temperature,Press 3 - Right Roller Temperature,Press 3 - Load Amps,Press 3 - Feeder %,Press 3 kWh/t,,Main Filter kP,,Pellet Moisture %,Bulk  Density g/l,Durability %,Temp of Pellets at cooler,Average Pellet Length(mm),,Total Pellets passed belt weigher (cumlative),Total pellet to totes hopper (cumulative),Silo  strain gauge level (tonnes),Pellet Silo Level 1 Readout,Pellet Silo Level 2 Readout,Pellet Silo Level 3 Readout,Total tons passed belt weigher (hour),Total tons per shift,Total tons per day to silo,Total tonnes to tote hopper (shift),,Furnace O2%,Furnace Temp,Furnace Pressure,Thermal Oil OUT,Turbine Generated Power kW,Flue Gas Fan,Primary Air Fan,HRU Bypass Damper
01/01/2026 06:00:00,,18.7,45.8,63.9,10,9.1,80.9,12.1,67,38,85,6.9,0,,32,11.4,31,,73,75,460,62,61,,73,69,460,69,54,,72,73,460,59,66,,0.88,,,,,,,,799193.9,543328,217,206,2493,1192,#VALUE!,#REF!,#REF!,#REF!,,4.6,940,-56,313,2337,96,53,15
01/01/2026 07:00:00,,18.1,46.5,63.3,9.3,7.5,78.6,11.8,67,38,85,6.3,0,,36,10.6,28,,73,75,460,62,56,,73,69,460,68,53,,72,73,460,58,61,,0.87,,6.2,652,98.3,20.1,22,,799207.6,543328,216,206,2493,1207,13.699999999953434,,,,,5.1,945,-64,311,2335,96,47,15
01/01/2026 08:00:00,,17.9,45,63.1,8.3,7,77.7,11.7,70,79,85,5.9,0,,31,10.7,28,,73,75,460,61,60,,73,68,460,69,53,,72,73,460,57,66,,0.88,,,,,,,,799220.6,543328,217,206,2493,1222,13,,,,,5.2,939,-51,312,2338,96,46,15
01/01/2026 09:00:00,,18.5,45.2,63.8,8.8,8.8,80,12,77,47,85,6.2,0,,31,10.7,28,,73,75,460,61,65,,73,69,460,70,57,,72,74,460,58,67,,0.88,,,,,,,,799233.9,543328,215,206,2493,1236,13.300000000046566,,,,,4.9,937,-57,313,2341,96,52,15
01/01/2026 10:00:00,,18.8,45,63.5,8.7,8.7,81.2,12.2,64,78,85,6.9,0,,29,10.6,27,,74,75,460,59,61,,73,69,460,68,60,,72,74,460,57,67,,0.88,,,,,,,,799247.3,543328,215,206,2493,1250,13.400000000023283,,,,,5,937,-59,312,2327,96,48,15
01/01/2026 11:00:00,,19.1,45.8,63.2,8.8,11.4,82.6,12.4,79,42,85,6.4,0,,34,11,24,,73,75,460,61,59,,73,69,460,69,54,,72,74,460,58,62,,0.92,,7,675,99.1,22.5,23,,799260.4,543328,216,206,2493,1265,13.099999999976717,,,,,4.9,941,-55,312,2367,96,48,15
01/01/2026 12:00:00,,19.2,45.4,63.7,10.5,11.5,83.2,12.5,76,61,85,6.2,0,,27,10.8,25,,73,75,460,61,67,,73,69,460,68,59,,72,71,460,57,68,,0.89,,,,,,,,799273.7,543328,215,206,2493,1271,13.29999999993015,,,,,5.3,937,-70,311,2311,96,50,15
01/01/2026 13:00:00,,18.4,45,63.9,9.9,8.5,79.7,12,77,59,85,7,0,,11,11.1,25,,73,74,400,49,47,,73,69,400,56,42,,72,73,400,46,51,,0.88,,,,,,,,799287.1,543328,215,206,2493,1284,13.400000000023283,,,,,5.3,940,-57,312,2339,96,53,15
01/01/2026 14:00:00,,18,44.9,64.1,8.9,7.5,78,11.7,71,78,85,7.1,0,,27,10.6,26,,73,75,460,59,59,,73,69,460,66,51,,72,74,460,56,58,,0.87,,,,,,,,799299.8,543328,215,206,2493,1300,12.70000000006985,,,,,5.2,940,-63,310,2314,96,54,15
01/01/2026 15:00:00,,17.9,45.2,63.8,8.8,7.9,77.4,11.6,79,67,85,7,0,,33,11.1,26,,73,75,460,59,60,,73,69,460,67,52,,73,74,460,56,62,,0.87,,5.6,667,98.8,20.1,23,,799313,543328,215,206,2493,1313,13.199999999953434,,,,,5.1,934,-62,313,2348,96,54,15
01/01/2026 16:00:00,,17.9,45.8,63.4,9.3,6.8,77.6,11.6,78,60,85,7.1,0,,34,10.7,26,,74,75,460,60,57,,73,69,460,67,52,,74,73,460,57,60,,0.88,,,,,,,,799326.4,543328,215,206,2493,1324,13.400000000023283,,,,,5.4,944,-64,312,2369,96,48,15
01/01/2026 17:00:00,,17.7,45,63.4,10.3,BW,76.8,11.5,77,63,85,6.3,0,,37,10.9,24,,73,75,460,60,57,,73,69,460,69,47,,72,73,460,57,59,,0.96,,,,,,,,799339.8,543328,217,206,2493,1337,13.400000000023283,,,,,4.9,943,-66,312,2337,96,50,15
01/01/2026 18:00:00,,,,,,,,,,,,,,,,,,,,,,,,,,,,,,,,,,,,,,,,,,,,,799353.3,543328,,206,2493,,13.5,159.40000000002328,,,,,,,,,,,
01/01/2026 19:00:00,,18.5,44.3,62.5,8.8,6.9,80.1,12,79,67,85,5.7,0,,30,10.8,23,,73,75,460,59,56,,72,69,460,67,53,,72,73,460,56,64,,0.88,,5.5,663,98.9,20.8,22,,799366.7,543328,218,206,2493,1377,13.399999999906868,,,,,4.8,940,-63,312,2349,96,53,15
01/01/2026 20:00:00,,18.6,44.7,62.7,8.7,7.8,80.5,12.1,81,71,85,5.9,0,,35,10.6,24,,73,75,460,61,57,,72,69,460,67,50,,72,73,460,56,61,,0.97,,,,,,,,799379.9,543328,218,206,2493,1388,13.20000000006985,,,,,5.1,942,-71,312,2371,96,56,15
01/01/2026 21:00:00,,CB,,,,,,,75,57,85,6.2,0,,28,10.6,23,,73,75,460,60,62,,72,69,460,68,55,,72,73,460,57,65,,0.89,,,,,,,,799393.4,543328,216,206,2493,1399,13.5,,,,,4.9,956,-57,312,2320,96,59,15
01/01/2026 22:00:00,,CB,,,,,,,68,46,85,6.3,0,,37,10.9,26,,71,73,460,65,59,,72,68,460,76,53,,70,70,460,58,68,,0.91,,,,,,,,799406.5,543328,217,206,2493,1414,13.099999999976717,,,,,5.2,946,-63,312,2357,94,54,15
01/01/2026 23:00:00,,18.6,43.5,60.3,8.2,7.1,80.9,12.1,51,65,85,5.4,0,,34,10.4,23,,73,74,460,59,57,,72,68,460,67,51,,72,72,460,54,61,,0.89,,5.6,679,99,19.8,22,,799419.6,543328,218,206,2493,1426,13.099999999976717,,,,,5.3,949,-58,313,2357,95,61,15
02/01/2026 00:00:00,,19.3,43.8,61.8,8.5,8.4,83.9,12.6,70,41,85,5.4,0,,45,11,23,,72,74,460,62,56,,72,68,460,73,49,,72,72,460,58,62,,0.89,,,,,,,,799432.8,543328,216,206,2493,1443,13.20000000006985,,,,,4.6,955,-62,313,2353,95,60,15
02/01/2026 01:00:00,,19.7,42.5,62.2,8.5,7.9,85.5,12.8,60,70,85,5.9,0,,32,11,36,,73,75,460,58,59,,72,68,460,69,50,,71,72,460,56,62,,0.88,,,,,,,,799446.1,543328,217,206,2493,1459,13.29999999993015,,,,,4.9,944,-68,314,2343,95,65,15
02/01/2026 02:00:00,,20.8,42.7,62.2,9.5,8,90.4,13.6,68,70,85,5.4,0,,42,11.2,31,,73,75,460,59,59,,72,68,460,69,50,,72,73,460,57,60,,0.88,,,,,,,,799459.1,543328,217,206,2493,1464,13,,,,,5.5,943,-70,313,2352,95,69,15
02/01/2026 03:00:00,,21,42.5,62.4,8.8,8.4,91.2,13.7,72,70,85,5.1,0,,41,10.8,26,,73,75,460,59,59,,72,68,460,67,52,,72,73,460,55,61,,0.89,,,668,98.8,18.4,22,,799472.1,543328,217,206,2493,1479,13,,,,,5.7,928,-71,313,2350,95,68,15
02/01/2026 04:00:00,,21,41.7,62.2,9,9.4,92.1,13.8,71,51,85,5,0,,40,10.7,24,,73,75,460,59,49,,73,68,460,65,46,,72,72,460,55,55,,0.88,,,,,,,,799485,543328,217,206,2493,1494,12.900000000023283,,,,,4.9,939,-57,312,2362,95,59,15
02/01/2026 05:00:00,,21.3,41.8,61.9,8.7,10.1,92.4,13.9,65,36,85,4.6,0,,41,11.5,24,,72,74,460,58,59,,72,68,460,68,52,,72,73,460,55,62,,0.88,,,,,,,,799497.9,543328,218,206,2493,1503,12.900000000023283,,,,,4.7,938,-54,313,2363,96,58,15
02/01/2026 06:00:00,,,,,9.1,8.7,,,,,,,,,,10.4,,,,,,,,,,,,,,,,,,,,,,,,,,,,,799510.8,543328,,,,,12.900000000023283,157.5,316.9000000000233,0,,,,,,,,,
02/01/2026 07:00:00,,,,,,,,,,,,,,,,,,,,,,,,,,,,,,,,,,,,,,,,,,,,,799523.5,543228,,,,,12.699999999953434,,,,,,,,,,,,
02/01/2026 08:00:00,,20.8,42,61.4,9.4,7.6,90.1,13.5,85,82,85,4.6,0,,25.3,9.9,26.8,,73,69,450,40,62,,73,69,470,67,62,,73,73,470,54,79,,0.86,,5.4,664,98.6,18.7,23,,799534.4,543347,218,206,2493,1530,10.900000000023283,,,,,4.8,933,-59,312,2347,96,62,15
02/01/2026 09:00:00,,CB,,,,,,,85,82,85,5,0,,40.8,11.1,26,,73,74,450,57,60,,73,69,470,66,56,,73,73,470,53,69,,,,,,,,,,799540.9,543348,,206,2493,,6.5,,,,,,,,,,,,
02/01/2026 10:00:00,,,,,,,,,,,,,,,,,,,,,,,,,,,,,,,,,,,,,,,,,,,,,799557.9,543354,,206,2493,,17,,,,,,,,,,,,
02/01/2026 11:00:00,,CB,,,,,,,56,17,60,6.5,0,,80,,25.9,,75,74,450,64,58,,73,69,470,75,74,,73,74,470,60,69,,0.88,,,,,,,,799570.8,543354,,206,2493,,12.900000000023283,,,,,,,,,,,,
02/01/2026 12:00:00,,,,,,,,,,,,,,,,,,,,,,,,,,,,,,,,,,,,,,,,,,,,,799583.9,,,206,2493,,13.099999999976717,,,,,,,,,,,,
02/01/2026 13:00:00,,16.6,42.5,61.4,6.9,5.9,72,10.8,42,17,80,6.5,0,,11.1,10.6,34.4,,Off,,,,,,72,67,420,58,59,,69,71,420,45,75,,0.77,,5,681,98.9,16,23,,799597.1,543380,216,206,2493,1559,13.199999999953434,,,,,5.8,938,-63,311,2275,89,54,15
02/01/2026 14:00:00,,18.5,42.7,64.2,6.8,6.4,80.5,12.1,44,17,85,6.4,0,,19.2,10.4,25.3,,Off,,,,,,73,68,470,62,61,,72,73,470,52,73,,0.69,,,,,,,,799603.8,543381,216,206,2493,1564,6.700000000069849,,,,,5.1,938,-69,313,2354,94,62,15
02/01/2026 15:00:00,,20.2,43,61.5,8.3,6.9,87.6,13.1,32,17.8,96,6.1,0,,25.5,9.9,21.7,,Off,,,,,,73,68,470,63,54,,71,73,470,53,64,,0.87,,,,,,,,799612.3,543386,216,206,2493,1567,8.5,,,,,5.5,947,-45,313,2403,95,74,15
02/01/2026 16:00:00,,20.3,42.5,60.3,10,7.4,87.8,13.2,48,17.8,85,6.1,0,,21.1,,19,,Off,,,,,,73,68,470,61,53,,72,73,470,51,63,,0.87,,,674,98.8,14.5,23,,,543397,218,206,2493,1567,-799612.3,,,,,5.7,946,-64,310,2303,96,68,15
02/01/2026 17:00:00,,,,,,,,,,,,,,,,,,,,,,,,,,,,,,,,,,,,,,,,,,,,,799628.3,543397,,206,2493,1567,799628.3,,,,,,,,,,,,
02/01/2026 18:00:00,,20.7,42.5,61.9,9,7.2,90,13.5,54,84,85,5.3,0,,32,10.1,21,,74,73,450,56,66,,73,68,450,59,62,,72,76,450,50,74,,0.88,,,,,,,,799636.1,543402,218,206,2493,1567,7.799999999930151,125.29999999993015,,,,5.6,938,-69,312,2351,96,73,15
02/01/2026 19:00:00,,21,42,60.8,8.4,6.8,91,13.7,75,57,85,4.8,0,,49,10.7,21,,74,75,460,62,62,,73,69,460,66,57,,73,76,460,55,70,,0.97,,4.6,687,98.7,19.5,23,,799648.9,543403,218,206,2493,1575,12.800000000046566,,,,,4.6,944,-46,313,2350,96,66,15
02/01/2026 20:00:00,,21.4,41.7,61.9,8,6.3,92.7,13.9,83,46,85,5,0,,79,9.8,22,,75,75,460,62,58,,73,70,460,66,56,,73,76,460,54,69,,0.88,,,,,,,,799662.2,543406,218,206,2493,1587,13.29999999993015,,,,,5.9,934,-75,313,2368,95,72,15
02/01/2026 21:00:00,,21.4,46.1,60.7,9.6,11.5,92.6,13.9,74,77,85,4.8,4,,100,10.1,22,,76,76,460,60,62,,74,70,460,64,58,,73,77,460,53,67,,0.88,,,,,,,,799675.3,543407,218,206,2493,1600,13.100000000093132,,,,,5.6,935,-66,311,2317,96,75,15
02/01/2026 22:00:00,,19.9,46,63.9,11.1,13,86.3,12.9,84,43,85,4.8,4,,100,10.8,22,,75,75,460,62,57,,73,69,460,67,53,,73,76,460,56,62,,0.88,,,,,,,,799688.3,543409,217,206,2493,1612,13,,,,,5.3,928,-70,312,2377,96,83,15
02/01/2026 23:00:00,,19.4,45.6,64.2,9.9,12.2,83.9,12.6,77,43,85,4.8,0,,30,11.8,22,,74,74,450,59,58,,73,68,450,64,53,,72,75,450,53,65,,0.9,,4.2,646,98.2,16.5,22,,799701.4,543412,219,206,2493,1615,13.099999999976717,,,,,5.4,932,-38,311,2304,96,73,15
03/01/2026 00:00:00,,18.4,45.4,64.6,9,8.3,79.6,11.9,78,43,85,4.6,0,,32,10.2,21,,75,74,460,59,62,,73,68,460,61,61,,72,75,460,51,68,,0.9,,,,,,,,799712.8,543412,218,206,2493,1627,11.400000000023283,,,,,5.7,940,-48,313,2352,96,74,15
03/01/2026 01:00:00,,18.7,44.5,63,8.6,8.2,81.2,12.2,83,43,85,4.3,0,,30,10.8,20,,74,74,460,61,55,,73,69,460,65,54,,71,75,460,53,66,,0.94,,,,,,,,799725.6,543418,219,206,2493,1631,12.79999999993015,,,,,5,939,-66,312,2308,96,73,15
03/01/2026 02:00:00,,19.7,43.4,64.8,7.9,7.1,85.4,12.8,79,43,85,4.4,0,,34,10.5,20,,75,75,460,58,63,,73,69,460,63,57,,71,75,460,52,51,,0.9,,,,,,,,799738.2,543427,219,206,2493,1636,12.599999999976717,,,,,5.2,940,-63,311,2305,96,76,15
03/01/2026 03:00:00,,20.2,43.6,64.1,8.4,8.3,87.6,13.1,82,43,85,4.3,0,,31,10.8,18,,74,74,460,61,54,,73,69,460,65,54,,71,75,460,54,64,,0.91,,2.7,687,98.4,18.9,23,,799750.9,543435,218,206,2493,1644,12.70000000006985,,,,,5,943,-62,311,2315,96,74,15
03/01/2026 04:00:00,,20.5,43.7,63.7,9.3,9.6,88.8,13.3,78,43,85,4.7,0,,34,11.4,18,,75,75,460,61,52,,73,69,460,64,52,,73,76,460,53,65,,0.91,,,,,,,,799763.6,543437,218,206,2493,1653,12.699999999953434,,,,,5.4,937,-63,313,2358,96,78,15
03/01/2026 05:00:00,,20.2,44.4,62.6,10,10.7,87.6,13.1,82,43,85,4.6,0,,35,11.2,20,,75,75,460,60,59,,73,69,460,64,57,,72,76,460,53,70,,0.9,,,,,,,,799776.3,543444,218,206,2493,1659,12.70000000006985,,,,,5.5,944,-66,311,2329,96,70,15
03/01/2026 06:00:00,,,,,,,,,,,,,,,,,,,,,,,,,,,,,,,,,,,,,,,,,,,,,799789.1,543455,,206,2493,,12.79999999993015,153,278.29999999993015,127,,,,,,,,,
03/01/2026 07:00:00,,CB,,,,,,,66,43,85,5.7,0,,29.2,10.8,19.9,,74,72,460,61,56,,72,68,460,68,52,,71,75,460,55,63,,0.91,,6,650,98.5,18.5,23,,799802.1,543462,218,206,2493,1677,13,,,,,5,941,-65,313,2367,96,69,15
03/01/2026 08:00:00,,CB,,,,,,,53,56,85,5.1,0,,33.22,10.4,19.8,,74,73,440,58,63,,72,68,440,63,58,,70,74,44,51,72,,0.92,,,,,,,,799815.1,543464,218,206,2493,1695,13,,,,,5.8,943,-68,312,2346,96,66,15
03/01/2026 09:00:00,,18,44.2,60.8,8.5,8,78,11.7,51,67,85,4.7,0,,30.6,10.8,17.7,,74,73,460,60,58,,72,68,460,64,54,,70,74,460,53,65,,0.92,,,,,,,,799827.2,543646,218,206,2493,1702,12.099999999976717,,,,,5.5,938,-69,313,2331,96,67,15
03/01/2026 10:00:00,,18.7,43.9,61.1,8.2,7.4,81.2,12.2,64,53,85,5.4,0,,30.9,11,19.2,,73,73,440,61,51,,72,68,440,64,47,,70,74,440,43,57,,0.93,,,,,,,,799840.1,543464,218,206,2493,1712,12.900000000023283,,,,,4.3,940,-41,313,2351,95,83,15
03/01/2026 11:00:00,,19.3,44.4,62.7,8.6,7.2,83.6,12.5,63,62,85,5.2,0,,28.9,10.9,19.4,,74,73,440,57,58,,72,68,440,61,56,,71,74,440,50,67,,0.92,,6.2,661,98.8,16.1,22,,799852.2,543646,217,206,2493,1723,12.099999999976717,,,,,4.8,939,-28,315,2352,95,87,15
03/01/2026 12:00:00,,19.8,44.4,62.8,8.5,9.3,85.7,12.9,61,68,85,5,0,,39.3,10.6,20.4,,74,74,460,60,52,,73,68,460,64,56,,72,75,460,53,68,,0.91,,,,,,,,799864.8,543469,217,206,2493,1735,12.600000000093132,,,,,5.2,938,-54,313,2347,96,69,15
03/01/2026 13:00:00,,20.4,43.9,63.5,8.5,7.9,88.7,13.3,69,58,85,5.2,0,,25.8,10.8,19.65,,74,74,450,60,60,,73,68,450,65,57,,72,75,450,53,68,,0.92,,,,,,,,799878.1,543480,217,206,2493,1739,13.29999999993015,,,,,5.2,946,-53,311,2343,96,70,15
03/01/2026 14:00:00,,21.1,43.5,63.3,9,9.4,91.4,13.7,70,60,85,5.1,0,,33.9,10.7,19.3,,74,74,470,63,65,,72,68,470,68,61,,71,74,470,56,75,,0.94,,,,,,,,799891.2,543487,218,206,2493,1748,13.099999999976717,,,,,5.1,946,-55,312,2312,96,65,15
03/01/2026 15:00:00,,21.1,44.4,62.6,9.4,9.9,91.7,13.8,66,77,85,4.9,0,,29.5,10.6,18.9,,74,73,470,60,58,,72,68,470,64,52,,71,74,470,53,63,,0.92,,6.4,670,98.9,19.9,23,,799904.4,543491,218,206,2493,1756,13.20000000006985,,,,,5.3,939,-54,313,2367,96,68,15
03/01/2026 16:00:00,,19.4,43.9,62.6,9,8.4,84.1,12.6,74,77,85,4.3,0,,40.4,10.1,19.4,,74,73,470,64,62,,72,68,470,70,54,,71,74,470,56,69,,0.93,,,,,,,,799917.6,543501,219,206,2493,1761,13.199999999953434,,,,,5.5,941,-58,313,2326,96,67,15
03/01/2026 17:00:00,,19.5,44.5,62.3,8.8,7.4,84.6,12.7,78,56,85,4.3,0,,48.9,10.4,19.5,,74,74,470,65,58,,73,69,470,69,54,,72,75,470,57,65,,0.92,,,,,,,,799931,543504,218,206,2493,1767,13.400000000023283,,,,,5.5,941,-67,311,2319,96,63,15
03/01/2026 18:00:00,,19.5,44.7,62.3,8.8,8.4,84.8,12.7,74,71,85,4.2,0,,47,11.1,20,,75,74,470,64,61,,73,69,470,71,54,,72,75,470,57,68,,0.93,,,,,,,,799944.6,543506,218,206,2493,1768,13.599999999976717,155.5,,,,5.3,944,-63,312,2344,96,60,15
03/01/2026 19:00:00,,C/B,,,,,,,68,80,85,4.1,0,,47,10.7,21,,75,75,470,64,58,,73,69,470,70,53,,72,76,470,57,63,,0.92,,5.3,664,98.6,19.5,23,,799958.3,543508,218,206,2493,1781,13.70000000006985,,,,,5.6,941,-56,313,2353,96,62,15
03/01/2026 20:00:00,,C/B,,,,,,,63,62,85,5,0,,47,11.1,22,,75,74,470,65,64,,73,69,470,72,58,,72,75,470,57,74,,0.94,,,,,,,,799971.9,543515,218,206,2493,1788,13.599999999976717,,,,,5.5,940,-59,313,2338,96,61,15
03/01/2026 21:00:00,,C/B,,,,,,,55,52,85,4,0,,55,11.5,22,,75,74,470,68,55,,73,69,470,74,50,,72,75,470,59,63,,0.92,,,,,,,,799985.6,543519,219,206,2493,1799,13.699999999953434,,,,,5.1,941,-53,313,2368,96,60,15
03/01/2026 22:00:00,,19.8,43.9,62.3,8.2,9.4,86,12.9,62,40,85,4,0,,42,11.2,21,,75,75,470,66,62,,72,68,470,75,54,,72,74,470,58,72,,1.02,,,,,,,,799999.2,543523,219,206,2493,1803,13.599999999976717,,,,,5.6,939,-60,312,2373,96,61,15
03/01/2026 23:00:00,,20,43.5,62.2,8.8,7.3,86.6,13,48,67,85,3.8,0,,32,10.4,23,,75,75,470,63,58,,73,69,470,70,54,,73,76,470,56,65,,0.93,,5.7,680,98.6,19.8,23,,800012.6,543527,219,206,2493,1811,13.400000000023283,,,,,4.9,938,-53,313,2373,96,64,15
04/01/2026 00:00:00,,20.1,44.1,62.4,9.2,9.1,87.1,13,67,41,85,4.3,0,,54,11.8,31,,75,75,470,67,57,,73,69,470,72,52,,72,75,470,58,67,,0.93,,,,,,,,800025.7,543527,218,206,2493,1822,13.099999999976717,,,,,5.6,942,-62,312,2347,96,61,15
04/01/2026 01:00:00,,20.2,44.6,62.2,9.1,9,87.5,13.1,54,74,85,4,0,,36,10.5,26,,75,75,470,62,63,,73,69,470,68,57,,72,75,470,56,70,,0.93,,,,,,,,800039,543530,218,206,2493,1832,13.300000000046566,,,,,5.4,933,-67,313,2362,96,61,15
04/01/2026 02:00:00,,20,45.1,64.1,9,8.8,86.5,13,65,45,85,4.7,0,,40,11,21,,75,74,470,63,67,,73,69,470,69,62,,71,74,470,56,78,,0.93,,,,,,,,800052.3,543537,220,206,2493,1841,13.300000000046566,,,,,5.1,934,-64,313,2335,96,61,15
04/01/2026 03:00:00,,19.3,44.5,63.2,10,8.3,83.6,12.5,50,77,85,3.5,0,,36,11.3,21,,75,75,470,64,59,,73,68,470,71,51,,72,75,470,57,63,,0.93,,5.2,686,98.7,19.6,23,,800065.6,543543,219,206,2493,1847,13.29999999993015,,,,,5.4,941,-59,313,2371,96,57,15
04/01/2026 04:00:00,,19.8,43.9,63.8,8.6,7.3,85.7,12.8,74,41,85,3.6,0,,50,11.9,22,,74,74,470,67,55,,72,68,470,72,51,,72,74,470,58,63,,0.99,,,,,,,,800079.3,543544,219,206,2493,1860,13.70000000006985,,,,,5.1,938,-60,312,2344,96,60,15
04/01/2026 05:00:00,,19.8,43.6,63.7,9,7.5,86,12.9,71,61,85,3.7,0,,36,10.9,22,,74,74,470,63,56,,72,68,470,71,50,,72,75,470,55,63,,1.01,,,,,,,,800092.7,543551,218,206,2493,1868,13.399999999906868,,,,,5.1,942,-51,312,2345,96,60,15
04/01/2026 06:00:00,,,,,,,,,,,,,,,,,,,,,,,,,,,,,,,,,,,,,,,,,,,,,800107.2,543556,220,206,2493,1878,14.5,162.59999999997672,318.0999999999767,101,,,,,,,,,
04/01/2026 07:00:00,,20.2,43.5,63.8,8.9,6.5,87.6,13.1,68,70,85,3.5,0,,55.3,11.3,24,,75,75,470,65,56,,72,68,470,71,53,,72,76,470,58,63,,0.94,,5.2,691,98.9,20,23,,800122,543556,219,206,2493,1894,14.800000000046566,,,,,5.1,940,-58,312,2377,96,59,15
04/01/2026 08:00:00,,20.3,44.1,66.3,8.9,7,87.9,13.2,78,58,85,3.4,0,,65,11.1,22.9,,74,74,480,69,58,,72,68,470,73,54,,72,76,470,58,69,,0.93,,,,,,,,800136.7,543556,219,206,2493,1911,14.699999999953434,,,,,5.3,940,-69,313,2332,96,63,15
04/01/2026 09:00:00,,20.4,42.7,64.1,8.8,9.1,88.4,13.3,69,72,85,3.2,0,,40.9,10.7,24.9,,74,74,480,67,57,,72,68,470,72,50,,72,75,470,58,64,,0.98,,,,,,,,800150.3,543556,219,206,2493,1916,13.600000000093132,,,,,5.2,934,-55,312,2346,96,65,15
04/01/2026 10:00:00,,20.3,43,63.7,9.8,9.8,87.9,13.2,72,56,85,3,0,,48.3,11,25.2,,74,74,480,67,54,,72,68,470,71,48,,72,76,470,58,58,,0.93,,,,,,,,800164.9,543564,219,206,2493,1930,14.599999999976717,,,,,5.7,942,-67,310,2310,96,67,15
04/01/2026 11:00:00,,19.4,43,61.7,9.2,8.7,84.2,12.6,80,61,85,3.5,0,,70.9,10.8,22.1,,74,74,480,70,62,,72,68,470,73,57,,72,77,470,60,68,,0.97,,5.4,679,98.8,21.1,22,,800178.6,543564,219,206,2493,1943,13.699999999953434,,,,,5.5,942,-59,313,2351,96,65,15
04/01/2026 12:00:00,,19.2,44,61.8,9,7.1,83.1,12.5,72,80,85,3.7,0,,21.5,10.4,21.3,,72,70,350,41,51,,72,67,430,41,53,,71,74,350,36,60,,0.93,,,,,,,,800190.2,543568,218,206,2493,1947,11.599999999976717,,,,,5.4,940,-58,314,2344,96,61,15
04/01/2026 13:00:00,,19.2,44.1,62.5,9.3,8.5,83.3,12.5,76,49,85,4.9,0,,43.6,10.6,37.1,,75,75,470,63,58,,73,69,470,67,56,,73,77,470,56,68,,0.92,,,,,,,,800203.2,543574,216,206,2493,1951,13,,,,,5.7,942,-65,313,2351,96,59,15
04/01/2026 14:00:00,,19,44.44,61.2,9.5,8.5,82.4,12.3,81,63,85,3.1,0,,57.1,11.1,24.8,,74,75,470,66,58,,72,68,470,70,55,,72,76,470,58,67,,0.94,,,,,,,,800216.6,543583,218,206,2493,1957,13.400000000023283,,,,,4.8,935,-59,312,2323,96,60,15
04/01/2026 15:00:00,,18.7,44.9,61.6,9.5,8.9,81.3,12.2,75,79,85,3.4,0,,42.8,11.2,42.8,,74,75,470,64,54,,72,68,470,69,50,,72,76,470,58,58,,0.94,,6,691,98.7,19.8,23,,800230.6,543587,218,206,2493,1972,14,,,,,5.1,940,-67,312,2328,96,60,15
04/01/2026 16:00:00,,18.3,45,62.6,9.1,8.2,79.3,11.9,78,57,85,4,0,,37.3,11.6,30.6,,74,75,470,64,52,,73,49,470,69,47,,72,75,470,58,55,,1.01,,,,,,,,800245.8,543587,219,206,2493,1983,15.20000000006985,,,,,5.5,941,-60,312,2357,96,56,15
04/01/2026 17:00:00,,18.4,44.4,62.2,8.4,7.4,79.6,11.9,76,67,85,4.1,0,,39.5,11.4,105.3,,74,75,470,66,49,,72,69,470,73,46,,72,75,470,60,55,,0.94,,,,,,,,800261,543587,219,206,2493,1999,15.199999999953434,,,,,5.3,941,-55,312,2343,96,61,15
04/01/2026 18:00:00,,18.8,43.8,61.8,8.4,7,81.7,12.3,74,71,85,4.2,0,,43.3,10.6,30.1,,74,75,470,66,56,,72,68,470,71,54,,72,75,470,59,64,,0.97,,,,,,,,800274.8,543589,218,206,2493,2016,13.800000000046566,167.60000000009313,,,,5.7,941,-59,311,2341,96,62,15
04/01/2026 19:00:00,,19.7,43.5,61.8,8,6.9,85.5,12.8,76,63,85,3.5,0,,43.1,10.8,135.7,,74,75,470,64,56,,72,68,470,70,51,,71,74,470,57,64,,0.94,,5.4,652,98.7,18,23,,800288.4,543597,218,206,2493,2030,13.599999999976717,,,,,5.1,939,-57,312,2332,96,62,15
04/01/2026 20:00:00,,20.2,42.9,61,8.5,8.7,87.6,13.1,79,62,85,3.2,0,,40.8,10.7,32.1,,74,75,470,63,57,,73,69,470,68,52,,73,76,470,57,61,,0.93,,,,,,,,800301.9,543601,219,206,2493,2037,13.5,,,,,5.3,945,-64,312,2346,96,57,15
04/01/2026 21:00:00,,,,,,,,,,,,,,,,,,,,,,,,,,,,,,,,,,,,,,,,,,,,,800315.4,,,206,2493,,13.5,,,,,,,,,,,,
04/01/2026 22:00:00,,20.5,44.1,61.3,9.1,,89,13.3,80,81,85,2.9,0,,29.4,10.9,22.5,,72,71,450,57,65,,72,67,450,60,63,,71,73,450,57,74,,0.95,,,,,,,,800328.9,543607,220,206,2493,2059,13.5,,,,,5.3,940,-66,312,2336,96,59,15
04/01/2026 23:00:00,,CB,,,,,,,75,56,85,3.8,0,,35.6,11.1,21.5,,74,75,470,64,61,,72,68,470,70,54,,72,75,470,58,67,,0.95,,5.3,658,98.8,18.5,23,,800340.9,543607,219,206,2493,2072,12,,,,,5.6,937,-61,312,2347,96,57,15
05/01/2026 00:00:00,,CB,,,,,,,47,62,85,4.2,0,,48.9,10.9,21.3,,74,74,470,66,59,,72,68,470,72,52,,71,73,470,58,65,,0.94,,,,,,,,800354.1,543607,219,206,2493,2082,13.199999999953434,,,,,5.7,938,-63,312,2339,96,59,15
05/01/2026 01:00:00,,CB,,,,,,,38,58,85,4.3,0,,45.3,11.3,20.2,,73,74,470,68,60,,72,68,470,72,57,,71,73,470,59,70,,0.99,,,,,,,,800367.6,543607,219,206,2493,2094,13.5,,,,,5,939,-57,313,2366,96,58,15
05/01/2026 02:00:00,,19.2,43.9,62.4,8.9,8.9,83.1,12.5,66,58,85,4.3,0,,37.5,11.4,21.4,,74,74,450,60,58,,72,68,450,64,54,,71,73,450,53,66,,0.95,,,,,,,,800380.3,543607,219,206,2493,2112,12.70000000006985,,,,,5.6,946,-58,312,2370,96,62,15
05/01/2026 03:00:00,,19.2,43.8,62.3,8.8,8.4,83.3,12.5,62,50,85,4.5,0,,33.9,10.3,21.1,,74,74,450,59,65,,72,68,450,63,59,,71,73,450,53,71,,0.96,,6,671,98.8,16.5,22,,800392.4,543607,218,206,2493,2117,12.099999999976717,,,,,4.9,938,-47,313,2358,96,67,15
05/01/2026 04:00:00,,19.5,43.6,61.5,9,11.4,84.6,12.7,62,63,85,4.3,0,,27.9,10.3,21.2,,74,75,450,58,62,,72,68,450,63,60,,71,74,450,52,70,,0.96,,,,,,,,800404.4,543607,220,206,2493,2129,12,,,,,5.3,941,-59,312,2347,96,55,15
05/01/2026 05:00:00,,18.9,43.5,61.4,9.1,6.4,81.9,12.3,62,70,85,4,0,,31.5,10.4,21.7,,74,75,470,67,60,,73,68,470,66,55,,72,74,470,54,67,,0.95,,,,,,,,800416.6,543617,221,206,2493,2133,12.199999999953434,,,,,5.7,943,-55,313,2361,96,59,15
05/01/2026 06:00:00,,,,,,,,,,,,,,,,,,,,,,,,,,,,,,,,,,,,,,,,,,,,,800429.3,543622,210,206,2493,2134,12.70000000006985,154.5,322.10000000009313,66,,,,,,,,,
05/01/2026 07:00:00,,18.8,43.8,60.5,8.9,8.8,81.3,12.2,73,45,85,2.5,0,,31.4,11,20.6,,74,74,470,62,62,,73,68,470,70,53,,72,74,470,55,70,,0.96,,5.8,691,99,18.3,23,,800442,543624,180,193,2493,2145,12.699999999953434,,,,,5.2,938,-65,312,2320,96,61,15
05/01/2026 08:00:00,,18.7,43.3,60,8.6,7.9,81.3,12.2,71,55,85,1.6,0,,19.7,10.5,24.8,,74,75,470,58,59,,73,67,470,67,53,,72,74,470,52,66,,1.06,,,,,,,,800454.6,543629,178,196,2493,2149,12.599999999976717,,,,,5.1,937,-70,312,2335,96,60,15
05/01/2026 09:00:00,,19.3,44,61.7,8.6,8.4,83.7,12.6,64,72,85,3.6,0,,30.3,10.9,39.9,,75,75,470,58,63,,73,68,470,63,58,,72,75,470,51,72,,1.04,,,,,,,,800467.6,543635,178,173,2493,2149,13,,,,,5.2,940,-58,313,2341,95,56,15
05/01/2026 10:00:00,,20,43.6,63.8,9,8.5,86.6,13,64,71,85,4.7,0,,25.1,10.9,27.3,,75,75,470,59,60,,73,69,470,64,57,,72,75,470,52,70,,1.07,,,,,,,,800480.1,543635,,164,2463,2149,12.5,,,,,5.4,938,-57,313,2331,94,58,15
05/01/2026 11:00:00,,20.3,43.2,63.7,8.5,8.7,87.9,13.2,69,56,85,4.9,0,,26.9,10.5,37.7,,75,76,470,58,64,,73,69,470,64,59,,7,75,470,51,72,,1.08,,5.4,684,99,21,22,,800492.4,543635,196,177,2404,2149,12.300000000046566,,,,,6,943,-40,312,2327,93,60,15
05/01/2026 12:00:00,,20.7,43.1,64.2,8.5,8.1,89.7,13.4,75,36,85,4.4,0,,25.5,10.8,37.8,,75,76,470,57,72,,73,69,470,62,65,,72,75,470,50,80,,0.97,,,,,,,,800504.5,543635,212,183,2391,2149,12.099999999976717,,,,,5.1,943,-59,313,2342,95,58,15
05/01/2026 13:00:00,,21.3,43.1,64.7,8.5,7.6,92.2,13.8,65,31,85,4.6,0,,31.4,10.6,23.1,,75,76,470,58,63,,73,69,470,64,55,,73,76,470,52,71,,0.97,,,,,,,,800516.9,543635,216,200,2379,2149,12.400000000023283,,,,,4.8,941,-55,314,2352,94,65,15
05/01/2026 14:00:00,,21.5,43.6,64,9,8.9,93.2,14,60,31,85,4.9,0,,31.4,10.6,105.6,,76,77,490,61,63,,73,69,470,64,55,,73,76,470,51,69,,1.06,,,,,,,,800529.2,543638,222,209,2367,2149,12.29999999993015,,,,,5.5,939,-64,313,2309,94,57,15
05/01/2026 15:00:00,,21.1,44.6,65.3,9.4,7,91.4,13.7,61,31,85,4.2,0,,29.8,10.8,21.2,,76,76,490,62,65,,73,68,470,64,58,,73,76,470,51,73,,1.01,,5.1,702,99,18.7,23,,800542,543638,238,226,2308,2149,12.800000000046566,,,,,5.4,941,-56,312,2348,94,56,15
05/01/2026 16:00:00,,19.9,45.5,64.7,9.5,8.4,86.3,12.9,75,31,85,4,0,,27.1,10.8,29.3,,75,77,490,62,73,,73,68,470,67,61,,72,76,470,52,81,,1.08,,,,,,,,800554.9,543638,252,235,2262,2149,12.900000000023283,,,,,5.8,946,-61,313,2367,94,57,15
05/01/2026 17:00:00,,19.7,45.5,64.4,9.6,8.8,85.3,12.8,73,31,85,3.8,0,,28.4,10.5,27.7,,76,77,490,63,66,,73,68,470,67,58,,73,76,470,52,76,,1.07,,,,,,,,800567.6,543638,256,249,2192,2149,12.699999999953434,,,,,5.9,939,-55,313,2353,94,52,15
05/01/2026 18:00:00,,,,,,,,,,,,,,,,,,,,,,,,,,,,,,,,,,,,,,,,,,,,,800580.8,,,,,,13.20000000006985,151.5,,,,,,,,,,,
05/01/2026 19:00:00,,18.5,46.2,64.8,9.6,8,80,12,72,31,85,4.6,0,,27.3,11.1,67,,74,73,450,60,62,,72,68,450,68,57,,72,74,450,53,69,,0.97,,5.4,678,98.9,18.4,22,,800588.7,543638,258,257,2161,2176,7.899999999906868,,,,,5.1,939,-57,313,2363,94,58,15
05/01/2026 20:00:00,,18.5,45.6,65.7,7.7,6.5,80,12,79,31,85,4.3,0,,33.2,10.4,28.6,,72,75,450,60,62,,73,68,450,67,55,,72,75,450,55,68,,0.98,,,,,,,,800600.8,543638,258,257,2161,2187,12.100000000093132,,,,,5.7,938,-62,312,2348,94,55,15
05/01/2026 21:00:00,,19.6,45.9,64.9,8.7,7.8,85,12.7,78,31,85,4.6,0,,32.6,10.8,33.7,,76,75,490,65,64,,73,69,470,70,58,,73,75,470,56,55,,1.02,,,,,,,,800613.3,543638,257,257,2161,2201,12.5,,,,,5.3,936,-54,312,2326,95,56,15
05/01/2026 22:00:00,,19.9,44.6,64.3,8.6,7.4,86.2,12.9,84,31,85,4.3,0,,47.8,11.1,31.4,,77,75,490,66,62,,73,68,80,69,54,,73,76,470,57,68,,0.99,,,,,,,,800626.4,543638,258,257,2161,2214,13.099999999976717,,,,,5.2,936,-62,313,2342,95,55,15
05/01/2026 23:00:00,,CB,,,,,,,77,31,85,4.3,0,,37.5,11.4,26.2,,76,75,490,68,56,,72,68,470,71,51,,72,74,470,58,62,,0.98,,5.9,660,99.1,18.4,23,,800639.9,543638,258,257,2161,2161,13.5,,,,,5,943,-52,313,2355,95,57,15
06/01/2026 00:00:00,,CB,,,,,,,73,31,85,4.9,0,,37.8,12.1,26.8,,76,75,490,70,59,,72,68,470,72,51,,72,75,470,58,65,,0.99,,,,,,,,800653.6,543638,256,257,2161,2235,13.699999999953434,,,,,4.8,943,-48,314,2370,94,54,15
06/01/2026 01:00:00,,CB,,,,,,,61,31,85,4.8,0,,39.3,10.9,26.4,,76,75,490,69,61,,72,68,470,72,55,,72,73,470,58,68,,0.99,,,,,,,,800667.2,543638,257,257,2161,2244,13.599999999976717,,,,,5.3,938,-65,313,2301,95,54,15
06/01/2026 02:00:00,,17.7,46.9,63.9,10.2,8.9,76.8,11.5,60,31,85,5.4,0,,66.1,11.4,27,,77,76,490,68,66,,72,69,470,71,57,,73,76,470,58,69,,0.99,,,,,,,,800680.3,543653,256,257,2161,2254,13.100000000093132,,,,,5.5,944,-63,313,2350,95,49,15
06/01/2026 03:00:00,,16.6,47.7,63.8,10,8.4,72,10.8,65,31,85,6.1,0,,50.5,11,25.9,,77,76,490,67,59,,73,69,470,71,53,,73,75,470,57,64,,1.01,,5.1,673,98.8,20.1,22,,800694,543657,256,257,2161,2262,13.699999999953434,,,,,5.5,947,-64,313,2380,95,41,15
06/01/2026 04:00:00,,16.3,48.2,63.4,8.5,7.4,70.7,10.6,48,31,85,6.6,0,,48.2,10.8,27.7,,77,75,470,64,60,,73,70,470,69,58,,73,77,470,59,66,,0.99,,,,,,,,800707.3,543664,256,257,2161,2268,13.300000000046566,,,,,5.7,946,-63,313,2350,95,41,15
06/01/2026 05:00:00,,16.5,47.6,62.3,8.6,8.3,71.5,10.7,60,31,85,6.3,0,,68,10.6,27.9,,77,76,490,68,60,,73,70,470,72,52,,73,76,470,60,64,,1.07,,,,,,,,800720.9,543671,257,257,2161,2271,13.599999999976717,,,,,5,946,-53,313,2357,95,41,15
06/01/2026 06:00:00,,,,,,,,,,,,,,,,,,,,,,,,,,,,,,,,,,,,,,,,,,,,,800734.7,543673,,,,,13.79999999993015,153.89999999990687,305.39999999990687,51,,,,,,,,,
06/01/2026 07:00:00,,16.6,48.2,62.9,9.1,8.7,72,10.8,74,37,85,6,0,,62,10.4,26,,72,69,420,54,92,,70,66,420,60,82,,68,70,420,51,100,,0.97,,5.4,665,99,18.7,22,,800746,543673,256,257,2131,2290,11.300000000046566,,,,,5.3,953,-62,313,2360,95,38,15
06/01/2026 08:00:00,,16.5,47.9,62.9,9.2,9.8,71.7,10.8,78,34,85,5.1,0,,56,11.6,28,,75,75,470,68,60,,72,68,470,76,52,,72,74,470,61,65,,0.97,,,,,,,,800759.6,543677,257,257,2131,2295,13.599999999976717,,,,,5.6,945,-64,312,2373,96,44,15
06/01/2026 09:00:00,,16.5,48.7,63.5,8.8,8.6,71.6,10.7,81,30,85,5.5,0,,14,10.7,29,,Off,,,,,,72,68,470,74,52,,71,74,470,60,62,,0.81,,,,,,,,800772.3,543677,257,257,2091,2315,12.70000000006985,,,,,5.6,941,-63,313,2358,96,43,15
06/01/2026 10:00:00,,,,,,,,,,,,,,,,,,,,,,,,,,,,,,,,,,,,,,,,,,,,,800781.3,543677,,,,,9,,,,,,,,,,,,
06/01/2026 11:00:00,,CB,,,,,,,80,60,85,5.5,0,,12,10.5,36,,Off,,,,,,72,68,470,74,54,,71,73,470,59,68,,0.99,,5,678,98.6,18.7,21,,800790.5,543677,256,257,2004,2330,9.199999999953434,,,,,5.5,932,-60,312,2331,94,45,15
06/01/2026 12:00:00,,CB,,,,,,,76,40,85,4.5,0,,42,10.8,32,,73,74,470,65,57,,72,68,470,73,52,,71,73,470,59,63,,1.06,,,,,,,,800803.3,543677,258,257,1946,2343,12.800000000046566,,,,,5.8,938,-47,312,2350,96,44,15
06/01/2026 13:00:00,,17.3,48.2,62.6,8.8,10.5,74.9,11.2,65,32,85,5,0,,36,10.4,30,,73,74,470,67,55,,72,68,470,75,49,,72,73,470,61,60,,0.97,,,,,,,,800816.9,543677,257,257,1946,2355,13.599999999976717,,,,,5.2,936,-62,312,2353,96,50,15
06/01/2026 14:00:00,,17.2,48,64.7,9.5,9.9,74.8,11.2,74,29,82,5.3,0,,27,10.9,24,,73,75,470,65,64,,72,69,470,72,59,,72,74,470,60,70,,1.06,,,,,,,,800830.6,543677,256,257,1916,2370,13.699999999953434,,,,,5.7,939,-65,312,2341,96,55,15
06/01/2026 15:00:00,,17.3,48.6,65.4,9,10.2,75.2,11.3,67,53,82,5.8,0,,25,10.9,29,,73,75,470,65,55,,72,69,470,72,51,,72,74,470,60,61,,0.98,,5.1,672,98.7,18,21,,800844.1,543677,257,257,1887,2384,13.5,,,,,6.2,942,-68,311,2342,96,52,15
06/01/2026 16:00:00,,17,48.3,67.7,9.5,8.9,73.8,11.1,59,44,82,6.4,0,,18,11,25,,74,75,470,64,57,,72,69,470,71,53,,72,75,470,60,62,,1.06,,,,,,,,800857.6,543681,256,257,1874,2389,13.5,,,,,5.7,936,-67,313,2355,96,61,15
06/01/2026 17:00:00,,16.9,48.7,68.3,8.6,9.3,73.1,11,66,32,84,6.8,0,,21,11.2,25,,74,75,470,65,62,,72,69,470,73,54,,72,75,470,60,64,,0.98,,,,,,,,800871.1,543684,256,257,1846,2402,13.5,,,,,5.4,937,-69,312,2349,96,64,15
06/01/2026 18:00:00,,,,,,,,,,,,,,,,,,,,,,,,,,,,,,,,,,,,,,,,,,,,,800884.5,543688,258,257,1846,2405,13.400000000023283,149.80000000004657,,,,,,,,,,,
06/01/2026 19:00:00,,17.9,47.6,67.1,8.3,8.5,77.4,11.6,47,60,88,7.2,0,,19.6,10.9,28.3,,73,74,470,63,63,,72,69,470,69,58,,71,73,470,59,67,,1.07,,5.5,669,98.6,22,20,,800897.6,543689,258,257,1846,2409,13.099999999976717,,,,,4.8,936,-59,311,2314,96,75,15
06/01/2026 20:00:00,,18.7,48.2,65.7,8.1,8.5,80.9,12.1,34,67,88,6.7,0,,18.1,11.2,35,,74,74,470,65,62,,72,69,470,74,56,,72,74,470,60,68,,0.96,,,,,,,,800910.7,543692,257,257,1841,2426,13.099999999976717,,,,,4.9,939,-51,311,2332,96,82,15
06/01/2026 21:00:00,,18.3,48,64,9.9,11.2,79.3,11.9,31,73,88,6.2,0,,27,10.8,27.8,,74,74,470,65,60,,72,69,470,72,54,,72,74,470,61,65,,0.97,,,,,,,,800923.9,543695,258,257,1841,2433,13.20000000006985,,,,,5.3,939,-60,311,2288,96,73,15
06/01/2026 22:00:00,,18.1,48.3,64.9,9.8,10.7,78.6,11.8,44,68,88,6.3,0,,24.1,10.8,24.8,,73,74,470,65,57,,72,69,470,72,53,,72,73,470,60,62,,0.97,,,,,,,,800937.3,543706,258,257,1841,2435,13.400000000023283,,,,,4.9,943,-43,313,2324,94,79,15
06/01/2026 23:00:00,,17.1,49.1,64.6,10.4,13.4,74.1,11.1,57,36,88,7.2,0,,18.4,11.3,37.2,,74,75,470,66,59,,72,69,470,74,54,,72,74,470,62,62,,0.97,,6.1,671,98.4,20.1,18,,800950.3,543716,258,257,1841,2439,13,,,,,5.9,941,-68,311,2297,96,79,15
07/01/2026 00:00:00,,17.1,49.9,69,8.8,8.7,74,11.1,62,43,85,6.2,0,,28.4,11.2,37,,74,75,470,67,62,,72,69,470,77,54,,72,74,470,63,66,,0.98,,,,,,,,800963.6,543722,258,257,1841,2447,13.29999999993015,,,,,4.8,948,-53,313,2291,96,83,15
07/01/2026 01:00:00,,17.3,49.1,69.3,8.8,9.1,75,11.3,54,58,85,6.6,0,,30,11.5,40.3,,74,75,470,66,57,,72,69,470,73,53,,72,74,470,62,63,,0.98,,,,,,,,800977.1,543734,258,257,1841,2450,13.5,,,,,5.2,943,-54,313,2291,94,79,15
07/01/2026 02:00:00,,17.5,49,69.2,8.6,7.9,76,11.4,41,63,85,6.8,0,,28.2,11.1,102.5,,74,75,470,66,60,,72,69,470,74,55,,72,75,470,62,63,,0.95,,,,,,,,800990.5,543746,258,257,1841,2453,13.400000000023283,,,,,5.8,937,-55,313,2302,94,87,15
07/01/2026 03:00:00,,18.2,49,69.8,8.7,8.7,78.9,11.8,46,58,85,6.8,0,,32.9,10.9,27.5,,74,75,470,67,67,,73,70,470,75,60,,72,75,470,63,71,,0.97,,5.7,676,98.7,21.4,20,,801004.1,543753,257,257,1841,2461,13.599999999976717,,,,,5.9,942,-58,313,2287,95,82,15
07/01/2026 04:00:00,,18.1,49.1,68.3,9.5,10.1,78.4,11.8,55,47,85,6.3,0,,25.5,11.3,36.1,,73,74,470,71,61,,72,69,470,77,55,,72,74,470,64,60,,1.01,,,,,,,,801017.3,543757,258,257,1841,2471,13.20000000006985,,,,,5.3,938,-62,311,2284,96,81,15
07/01/2026 05:00:00,,17.9,49.3,68.7,8.9,8.9,77.6,11.6,59,30,85,6.6,0,,35,10.9,27.4,,74,75,470,67,57,,72,69,470,74,52,,72,75,470,62,62,,0.97,,,,,,,,801030.7,543769,258,257,1841,2473,13.399999999906868,,,,,4.9,939,-66,313,2292,96,79,15
07/01/2026 06:00:00,,,,,,,,,,,,,,,,,,,,,,,,,,,,,,,,,,,,,,,,,,,,,801044.3,543773,,,,,13.600000000093132,159.80000000004657,309.60000000009313,0,,,,,,,,,
07/01/2026 07:00:00,,,,,,,,,,,,,,,,,,,,,,,,,,,,,,,,,,,,,,,,,,,,,801049.7,543773,,,,,5.399999999906868,,,,,,,,,,,,
07/01/2026 08:00:00,,,,,,,,,,,,,,,,,,,,,,,,,,,,,,,,,,,,,,,,,,,,,801055.3,543773,,,,,5.600000000093132,,,,,,,,,,,,
07/01/2026 09:00:00,,,,,,,,,,,,,,,,,,,,,,,,,,,,,,,,,,,,,,,,,,,,,801055.3,543773,,,,,0,,,,,,,,,,,,
07/01/2026 10:00:00,,,,,,,,,,,,,,,,,,,,,,,,,,,,,,,,,,,,,,,,,,,,,801055.3,543773,,,,,0,,,,,,,,,,,,
07/01/2026 11:00:00,,,,,,,,,,,,,,,,,,,,,,,,,,,,,,,,,,,,,,,,,,,,,801055.3,543773,,,,,0,,,,,,,,,,,,
07/01/2026 12:00:00,,,,,,,,,,,,,,,,,,,,,,,,,,,,,,,,,,,,,,,,,,,,,801055.3,543773,,,,,0,,,,,,,,,,,,
07/01/2026 13:00:00,,,,,,,,,,,,,,,,,,,,,,,,,,,,,,,,,,,,,,,,,,,,,801055.3,543773,,,,,0,,,,,,,,,,,,
07/01/2026 14:00:00,,,,,,,,,,,,,,,,,,,,,,,,,,,,,,,,,,,,,,,,,,,,,801055.3,543773,,,,,0,,,,,,,,,,,,
07/01/2026 15:00:00,,,,,,,,,,,,,,,,,,,,,,,,,,,,,,,,,,,,,,,,,,,,,801055.3,543773,,,,,0,,,,,,,,,,,,
07/01/2026 16:00:00,,,,,,,,,,,,,,,,,,,,,,,,,,,,,,,,,,,,,,,,,,,,,801055.3,543773,,,,,0,,,,,,,,,,,,
07/01/2026 17:00:00,,,,,,,,,,,,,,,,,,,,,,,,,,,,,,,,,,,,,,,,,,,,,801055.3,543773,,,,,0,,,,,,,,,,,,
07/01/2026 18:00:00,,,,,,,,,,,,,,,,,,,,,,,,,,,,,,,,,,,,,,,,,,,,,801055.3,543773,,,,,0,11,,,,,,,,,,,
07/01/2026 19:00:00,,,,,,,,,,,,,,,,,,,,,,,,,,,,,,,,,,,,,,,,,,,,,801055.3,543773,,,,,0,,,,,,,,,,,,
07/01/2026 20:00:00,,,,,,,,,,,,,,,,,,,,,,,,,,,,,,,,,,,,,,,,,,,,,801055.3,543773,,,,,0,,,,,,,,,,,,
07/01/2026 21:00:00,,CB,,,,,,,72,61,90,3.8,0,,0.8,10.4,27.7,,66,62,470,65,357,,71,66,470,66,253,,67,73,470,52,319,,0.99,,,,,,,,801057.5,543773,170,257,1334,2498,2.199999999953434,,,,,5.5,938,-73,312,2295,96,79,15
07/01/2026 22:00:00,,17.4,49.7,64.9,9.1,10,75.3,11.3,53,71,90,3.4,0,,18.3,10,26.7,,71,69,470,68,58,,72,67,470,74,52,,71,74,470,56,68,,1.01,,,,,,,,801070,543775,177,259,1334,2498,12.5,,,,,5.3,943,-61,312,2317,96,77,15
07/01/2026 23:00:00,,17.5,50.2,64.6,8.8,7.5,75.8,11.4,59,64,90,3.6,0,,22.2,10.4,27.4,,71,69,470,72,56,,72,67,470,77,52,,71,74,470,58,71,,1.02,,5.1,684,98.6,20,21,,801083.8,543786,179,267,1334,2498,13.800000000046566,,,,,5.1,935,-68,312,2331,96,82,15
08/01/2026 00:00:00,,17.4,49.9,63.6,9.9,10.7,75.6,11.3,67,54,90,3.4,0,,26.7,10.1,29.9,,71,70,470,64,55,,73,68,470,67,52,,72,75,470,52,66,,1.01,,,,,,,,801097,543795,181,268,1334,2498,13.199999999953434,,,,,5,943,-71,310,2306,96,79,15
08/01/2026 01:00:00,,16.3,49.8,63.3,8.4,7.6,70.5,10.6,74,40,90,3.5,0,,28.5,10.3,28.6,,71,70,470,70,58,,72,68,470,72,55,,72,75,470,56,71,,1.01,,,,,,,,801110.1,543802,189,275,1334,2498,13.099999999976717,,,,,4.9,937,-58,312,2311,96,87,15
08/01/2026 02:00:00,,CB,,,,,,,,,,,,,,,,,,,,,,,,,,,,,,,,,,,,,,,,,,,801123.5,543813,204,279,1334,2498,13.400000000023283,,,,,,,,,,,,
08/01/2026 03:00:00,,CB,,,,,,,52,48,80,4.2,0,,28.4,10.7,21.4,,72,71,470,70,54,,72,68,470,74,52,,72,75,470,57,67,,1.01,,5.5,691,99,21.7,21,,801137,543813,206,293,1334,2498,13.5,,,,,4.1,941,-50,304,1169,79,63,15
08/01/2026 04:00:00,,15.7,48.6,66.2,8,7.7,68,10.2,48,49,85,4,0,,21.3,10.1,29.9,,72,71,470,67,56,,72,68,470,71,54,,72,75,470,56,68,,1.09,,,,,,,,801150.3,543813,214,299,1334,2498,13.300000000046566,,,,,4.9,943,-56,314,2248,90,77,15
08/01/2026 05:00:00,,15.7,48.6,66.1,7.7,8,68,10.2,43,57,85,4,0,,23.7,10.3,19.4,,72,71,470,67,59,,72,68,470,70,57,,72,75,470,56,70,,1.01,,,,,,,,801163.6,543820,223,310,1334,2498,13.29999999993015,,,,,5.6,944,-62,313,2295,94,81,15
08/01/2026 06:00:00,,17.1,48.7,67.4,8.8,7.6,74,11.1,40,56,85,3.9,0,,3,10.8,20,,71,70,400,52,52,,72,67,400,56,47,,70,72,400,45,59,,1.02,,,,,,,,801176.2,543820,234,325,1334,2498,12.599999999976717,120.89999999990687,131.89999999990687,47,,4.7,945,-43,312,2302,96,77,15
08/01/2026 07:00:00,,17,48.5,66.6,9.1,7.7,73.5,11,51,38,85,4.1,0,,27,10.3,26,,72,72,460,65,57,,73,68,460,69,56,,72,75,460,54,70,,1.08,,5.4,688,98.2,18.7,21,,801187.3,543823,236,333,1320,2498,11.100000000093132,,,,,5.5,934,-63,312,2324,96,88,15
08/01/2026 08:00:00,,16.7,49.2,64.6,9.2,9.6,72.4,10.8,45,58,85,4.3,0,,63,11,20,,73,73,470,70,59,,73,69,470,71,58,,73,77,470,57,76,,1.05,,,,,,,,801200.1,543830,240,333,1307,2498,12.79999999993015,,,,,4.7,935,-53,310,2298,96,79,15
08/01/2026 09:00:00,,15.5,49,60.2,9.7,8.6,67.2,10.1,47,45,85,4.3,0,,28,10.6,20,,72,72,470,67,57,,73,68,470,73,52,,72,76,470,56,65,,1.05,,,,,,,,801213.7,543837,246,343,1307,2498,13.599999999976717,,,,,4.5,941,-52,308,2254,96,83,10
08/01/2026 10:00:00,,15,49,62.2,9.7,9.5,65,9.8,36,54,80,4.4,0,,4,10.2,22,,71,71,380,52,47,,72,67,380,54,46,,71,74,380,41,56,,1.1,,,,,,,,801226.1,543846,251,348,1307,2498,12.400000000023283,,,,,5.2,941,-50,309,2261,96,80,10
08/01/2026 11:00:00,,15,47.8,65.1,7.1,8.4,65.1,9.8,53,58,80,4.8,0,,,,,,off,,,,,,off,,,,,,off,,,,,,,,,,,,,,801233.7,543847,,359,1288,2498,7.599999999976717,,,,,,,,,,,,
08/01/2026 12:00:00,,15.9,46.3,66.4,7.4,6.9,68.9,10.3,53,67,80,5.4,0,,,,,,off,,,,,,off,,,,,,off,,,,,,1.07,,,,,,,,801234.6,543847,248,360,1289,2498,0.9000000000232831,,,,,4.5,939,-55,313,2292,98,88,10
08/01/2026 13:00:00,,17.4,44.7,68.2,8,6,75.4,11.3,66,66,80,6.4,0,,7,9,35,,61,56,450,61,,,65,62,450,62,,,56,59,450,50,,,1.05,,,,,,,,801235.2,543847,236,346,1286,2498,0.5999999999767169,,,,,5.3,935,-65,313,2281,97,88,10
08/01/2026 14:00:00,,,,,,,,,,,,,,,,,,,,,,,,,,,,,,,,,,,,,,,,,,,,,801238.4,543847,,346,1256,2498,3.200000000069849,,,,,,,,,,,,
08/01/2026 15:00:00,,18.9,44.3,68.8,8.4,7.7,81.8,12.3,75,74,80,6,0,,13,9.4,34,,67,61,470,66,80,,69,66,470,66,77,,68,71,470,55,97,,1.03,,5.2,689,98.5,14.7,23,,801243.5,543847,230,346,1263,2498,5.099999999976717,,,,,4.8,941,-73,312,2235,96,83,10
08/01/2026 16:00:00,,19.8,44.4,72.8,8.6,6.9,85.9,12.9,75,77,80,6.8,0,,26,10.1,29,,71,70,470,69,59,,73,68,470,72,58,,74,73,470,57,78,,1.08,,,,,,,,801254.6,543847,228,346,1263,2498,11.099999999976717,,,,,5.1,943,-59,313,2283,96,81,10
08/01/2026 17:00:00,,21.8,42.3,71.9,7.5,6,94.4,14.2,73,74,80,5.1,0,,37,10.8,27,,72,70,470,72,59,,73,68,470,78,53,,71,73,470,60,71,,1,,,,,,,,801268.4,543847,222,346,1213,2498,13.800000000046566,,,,,5,930,-73,313,2309,98,86,10
08/01/2026 18:00:00,,,,,,,,,,,,,,,,,,,,,,,,,,,,,,,,,,,,,,,,,,,,,801281.8,543850,,,,,13.400000000023283,105.60000000009313,,,,,,,,,,,
08/01/2026 19:00:00,,CB,,,,,,,77,68,80,3.9,0,,46,11.3,23,,72,70,470,68,54,,72,67,470,76,48,,71,73,470,57,66,,0.98,,5.2,679,98.8,18.7,22,,801295.5,543854,222,346,1232,2498,13.699999999953434,,,,,4.5,936,-49,314,2303,97,84,10
08/01/2026 20:00:00,,CB,,,,,,,64,54,80,3.2,0,,44,10.3,22,,72,71,470,69,59,,73,67,470,75,56,,71,74,470,58,71,,0.99,,,,,,,,801308.9,543863,223,346,1239,2498,13.400000000023283,,,,,5.3,943,-58,311,2316,98,76,10
08/01/2026 21:00:00,,21.5,43,62.9,10.4,11.1,93,14,59,59,80,3.5,0,,63,10.1,22,,72,71,470,66,62,,73,67,470,71,59,,71,74,470,56,73,,0.99,,,,,,,,801322.2,543869,224,346,1243,2498,13.29999999993015,,,,,5.6,930,-72,311,2317,98,85,10
08/01/2026 22:00:00,,20.2,42.8,62.9,9.5,8.5,87.6,13.1,73,44,80,2.6,0,,98,11.2,19,,71,71,470,67,63,,72,67,470,72,56,,71,72,470,57,71,,0.99,,,,,,,,801335.7,543879,224,346,1251,2498,13.5,,,,,5.2,937,-70,310,2310,98,87,10
08/01/2026 23:00:00,,20.2,43.7,63,8.7,7.9,87.6,13.1,69,65,80,4.2,0,,41,10.7,23,,72,71,470,66,61,,72,67,470,73,53,,71,73,470,56,72,,1,,5.4,685,98.6,18.2,22,,801349.5,543881,224,346,1262,2498,13.800000000046566,,,,,5.2,944,-66,310,2298,98,73,10
09/01/2026 00:00:00,,20.1,44.8,63.2,9.2,9.9,87.1,13.1,63,62,80,2.4,0,,44,10.1,22,,71,70,470,67,57,,72,67,470,74,53,,70,73,470,57,66,,1.01,,,,,,,,801363.1,543889,223,346,1266,2498,13.599999999976717,,,,,5.1,938,-67,313,2311,97,78,10
09/01/2026 01:00:00,,18.6,47.1,63.2,10.2,10.6,80.4,12,71,53,80,3.7,0,,56,10.6,26,,71,71,470,69,55,,72,67,470,75,53,,71,73,470,59,65,,0.98,,,,,,,,801377,543900,224,346,1276,2498,13.900000000023283,,,,,5,937,-55,311,2302,98,76,10
09/01/2026 02:00:00,,16.5,48,62.8,9.4,9.1,71.6,10.7,76,52,80,3.3,0,,31,10.4,30,,71,70,470,66,53,,73,67,470,70,50,,70,73,470,57,63,,0.99,,,,,,,,801391.1,543901,224,346,1286,2498,14.099999999976717,,,,,5.8,939,-37,313,2333,98,79,10
09/01/2026 03:00:00,,16,47.8,65,9,10.8,69.5,10.4,71,58,80,2.4,0,,33,10,32,,70,68,470,66,58,,72,67,470,71,54,,70,73,470,57,66,,0.98,,5.8,668,98.3,17.7,22,,801405.1,543905,224,346,1296,2498,14,,,,,4.9,932,-52,314,2321,97,92,10
09/01/2026 04:00:00,,15.6,48.5,65.6,8.8,9.8,67.7,10.2,62,57,80,1.5,0,,34,10.3,32,,70,69,470,68,52,,72,67,470,71,47,,69,73,470,58,60,,0.98,,,,,,,,801419.2,543913,224,346,1299,2498,14.099999999976717,,,,,5.6,937,-73,311,2280,98,89,10
09/01/2026 05:00:00,,15.7,47.9,64.5,9.4,6.2,67.8,10.2,70,44,80,1.6,0,,25,10.1,35,,70,68,450,63,61,,72,67,450,66,59,,69,72,450,55,69,,0.97,,,,,,,,801431.6,543920,224,346,1305,2498,12.400000000023283,,,,,5.1,936,-66,313,2275,98,83,10
09/01/2026 06:00:00,,16,47.8,64.7,8.7,7,69.4,10.4,63,57,80,1.7,0,,31,10.7,25,,70,68,450,63,56,,72,67,450,70,48,,69,71,450,57,59,,1.08,,,,,,,,801445.1,543928,224,346,1280,2498,13.5,163.29999999993015,268.9000000000233,108,,5.7,948,-68,311,2289,98,78,10
09/01/2026 07:00:00,,16.2,46.5,63.2,9.1,7.5,70.3,10.5,60,57,80,1.5,0,,33,10.9,28,,70,68,450,64,50,,72,67,450,70,47,,69,71,450,57,58,,1.07,,5.8,631,97,15.1,19,,801458.9,543929,224,346,1286,2498,13.800000000046566,,,,,5.5,943,-76,314,2350,97,72,10
09/01/2026 08:00:00,,16.7,46.8,63.4,8.6,6.4,72.3,10.8,54,51,80,1.5,0,,27,10.3,24,,70,68,450,61,52,,72,67,450,66,46,,69,72,450,54,58,,1.05,,,654,97.5,15.8,19,,801472.6,543932,231,346,1156,2498,13.699999999953434,,,,,5.4,947,-64,311,2294,98,66,10
09/01/2026 09:00:00,,16.9,46.8,63.5,8.6,8.2,73.4,11,65,34,80,1.3,0,,16,10.1,22,,68,64,350,41,62,,72,66,470,71,61,,69,72,470,57,74,,0.99,,,,,,,,801483.7,543940,234,355,1101,2498,11.099999999976717,,,,,5.4,936,-76,312,2297,97,72,10
09/01/2026 10:00:00,,17.6,46.9,63.8,8.5,8.7,76.4,11.4,68,50,80,2.1,0,,23,,20,,off,,,,,,72,67,470,73,50,,68,60,470,59,67,,,,,,,,,,801493.9,543947,,358,1101,2498,10.20000000006985,,,,,,,,,,,,
09/01/2026 11:00:00,,18.4,46,65,8.5,8.7,79.9,12,67,62,80,3,0,,2,11.1,17,,off,,,,,,off,,,,,,69,72,470,59,58,,1.06,,,,,,,,801501.9,543952,239,365,1101,2498,8,,,,,4.8,934,-59,313,2309,97,85,10
09/01/2026 12:00:00,,18.7,44.6,65.2,8.4,10.4,81.3,12.2,67,68,80,3.3,0,,5,,17,,off,,,,,,69,66,470,73,60,,off,,,,,,0.96,,,,97.4,,,,801506.5,543955,241,367,1088,2498,4.599999999976717,,,,,4.9,946,-48,312,2281,98,82,10
09/01/2026 13:00:00,,19.7,44.9,65.6,8.4,7.9,85.5,12.8,80,66,80,3.8,0,,5,10.6,21,,off,,,,,,72,67,470,71,67,,66,70,470,56,87,,1,,5.4,676,97.9,10.2,20,,801511.6,543958,240,369,1058,2498,5.099999999976717,,,,,5.7,936,-74,313,2297,96,83,10
09/01/2026 14:00:00,,19.7,44.1,66.7,8.1,8,85.4,12.8,80,71,80,4.1,0,,5,10.8,26,,off,,,,,,72,67,470,74,54,,68,72,470,58,68,,1.09,,5.3,684,98.6,13.4,20,,801520.4,543966,244,369,1045,2498,8.800000000046566,,,,,5.6,939,-75,312,2288,98,75,10
09/01/2026 15:00:00,,20.4,44.1,66.6,8.9,7.9,88.3,13.2,80,76,80,4.5,0,,11,10.9,21,,off,,,,,,72,67,470,76,52,,69,72,470,60,67,,1.08,,5.3,682,98.4,11.5,20,,801528,543967,245,372,1016,2498,7.599999999976717,,,,,5.1,943,-65,312,2249,98,77,10
09/01/2026 16:00:00,,C/B,,,,,,,80,71,80,3.8,0,,15,11,19,,off,,,,,,72,67,470,76,52,,69,71,470,61,65,,1.01,,,,98.3,,,,801537.3,543971,251,375,987,2498,9.300000000046566,,,,,5.6,945,-42,313,2269,95,76,10
09/01/2026 17:00:00,,C/B,,,,,,,,,,,,,15,10.8,20,,off,,,,,,72,67,470,76,48,,69,72,470,59,61,,1,,,,98.2,,,,801546.6,543974,254,382,987,2498,9.29999999993015,,,,,4.9,936,-67,312,2263,95,91,10
09/01/2026 18:00:00,,,,,,,,,,,,,,,,,,,,,,,,,,,,,,,,,,,,,,,,,,,,,801556.1,543982,,,,,9.5,111,,,,,,,,,,,
09/01/2026 19:00:00,,CB,,,,,,,77,46,80,3,0,,12,10.4,17,,Off,,,,,,72,67,470,76,48,,68,71,470,61,61,,1,,6.5,672,98.4,12.8,22,,801565.4,543982,264,398,987,2498,9.300000000046566,,,,,4.8,946,-44,311,2216,93,86,10
09/01/2026 20:00:00,,20.3,45.3,64.1,9.7,12,87.9,13.2,76,46,80,2.6,0,,17,10.5,19,,67,61,380,48,51,,72,66,470,73,50,,69,71,470,59,64,,0.99,,,,,,,,801576.6,543982,273,410,987,2498,11.199999999953434,,,,,4.6,939,-59,313,2304,94,87,10
09/01/2026 21:00:00,,17.9,45.2,64.3,10.1,9.3,77.7,11.6,71,56,80,2.7,0,,15,10,26,,70,64,380,46,60,,72,66,470,73,55,,69,71,470,59,71,,0.99,,,,,,,,801589,543982,282,421,987,2498,12.400000000023283,,,,,5.2,941,-59,313,2297,96,93,10
09/01/2026 22:00:00,,17.9,45.2,64.2,8.5,8.8,77.6,11.7,67,60,80,2.9,0,,15,10.2,24,,Off,,,,,,72,67,470,73,41,,69,71,470,59,52,,0.99,,,,,,,,801600.6,543982,284,424,998,2498,11.599999999976717,,,,,5,938,-67,313,2294,98,99,10
09/01/2026 23:00:00,,18.1,45.4,65.2,9.4,9,78.5,11.8,67,65,80,3,0,,15,10.5,22,,Off,,,,,,72,67,470,74,50,,68,71,470,60,59,,1.01,,5.8,669,98.3,12.2,22,,801610.1,543982,283,424,1007,2498,9.5,,,,,5,945,-63,313,2288,95,91,10
10/01/2026 00:00:00,,18.1,45.2,65.8,9.1,6.9,78.5,11.8,62,69,80,3.9,0,,13,9.2,23,,Off,,,,,,72,67,470,71,53,,68,72,470,58,65,,1.01,,,,,,,,801619.4,543982,282,424,1014,2498,9.300000000046566,,,,,5.4,936,-76,312,2274,94,92,10
10/01/2026 01:00:00,,18.3,43.8,65.5,8.7,8.8,79.2,11.9,67,67,80,4,0,,3,10.2,22,,Off,,,,,,72,67,470,74,48,,68,71,470,60,60,,0.82,,,,,,,,801628.7,543982,282,424,1027,2498,9.29999999993015,,,,,5.4,939,-80,312,2236,94,91,10
10/01/2026 02:00:00,,19.3,42.9,68,7.1,6.8,83.8,12.6,67,73,80,4.5,0,,13,10.8,22,,Off,,,,,,72,66,470,76,54,,68,70,470,61,71,,0.82,,,,,,,,801638.1,543982,282,424,1035,2498,9.400000000023283,,,,,4.6,946,-63,312,2290,93,88,10
10/01/2026 03:00:00,,20.4,44,68.8,8.5,6.2,88.2,13.2,79,63,82,3.7,0,,10,10.1,21,,Off,,,,,,72,66,470,78,46,,68,70,470,62,59,,0.86,,6,654,98.1,14.9,22,,801647.9,543982,284,424,1045,2498,9.800000000046566,,,,,5,934,-55,313,2264,94,87,10
10/01/2026 04:00:00,,20.5,45.5,68.1,9.3,9.5,89,13.3,81,70,82,3.6,0,,18,10.3,24,,Off,,,,,,72,67,470,75,49,,68,71,470,60,64,,0.82,,,,,,,,801657.6,543982,283,424,1052,2498,9.699999999953434,,,,,4.8,937,-60,312,2261,95,84,10
10/01/2026 05:00:00,,CB,,,,,,,81,76,82,4.4,0,,24,10.1,22,,Off,,,,,,73,67,470,,,,,,,,,,,,,,,,,,801667.6,,,,,,10,,,,,,,,,,,,
10/01/2026 06:00:00,,CB,,,,,,,81,52,82,3.4,0,,13.5,10.4,20.1,,Off,,,,,,72,67,470,73,53,,68,71,470,57,67,,0.99,,,,97.6,,,,801677,543982,281,424,1083,2498,9.400000000023283,120.90000000002328,231.90000000002328,54,,4.6,934,-56,314,2272,93,98,10
10/01/2026 07:00:00,,CB,,,,,,,37,80,85,3,0,,25.5,10.6,22.3,,Off,,,,,,72,67,430,54,54,,69,73,430,46,69,,1.02,,5.9,657,97.4,13.3,20,,801686.5,543983,281,437,1083,2498,9.5,,,,,4.6,936,-59,314,2271,94,83,10
10/01/2026 08:00:00,,CB,,,,,,,37,74,85,2.8,0,,17,10.6,21.7,,Off,,,,,,71,66,460,65,58,,67,69,430,55,69,,0.99,,,,97.6,,,,801695.9,543983,280,439,1083,2498,9.400000000023283,,,,,5.2,940,-61,313,2277,92,92,10
10/01/2026 09:00:00,,CB,,,,,,,33,76,85,3.8,0,,5.2,10.4,20.8,,Off,,,,,,71,66,430,65,48,,67,70,430,53,60,,1.01,,,,98,,,,801704.2,,,,,2498,8.29999999993015,,,,,,,,,,,,
10/01/2026 10:00:00,,19,46.3,67,7.2,6.9,82.3,12.4,52,69,90,4,0,,10.5,10.1,21.9,,Off,,,,,,72,66,430,65,45,,67,70,460,53,56,,1,,,,97.9,,,,801712.6,543983,281,454,1083,2498,8.400000000023283,,,,,5.3,939,-82,311,2267,95,92,10
10/01/2026 11:00:00,,20,45.4,65.8,8,7.4,86.8,13,46,68,90,4.3,0,,7.7,10.3,22.2,,Off,,,,,,71,66,400,55,52,,68,71,40,46,63,,0.99,,6.4,636,97.9,12.4,22,,801720.8,543983,291,465,1083,2498,8.20000000006985,,,,,5.4,931,-74,314,2295,93,92,10
10/01/2026 12:00:00,,21,46.3,66.4,8.4,,90.9,13.6,59,61,90,5,0,,18.1,9.9,25.9,,Off,,,,,,72,66,400,56,49,,68,71,40,46,61,,1.01,,6.3,664,98.6,12.2,23,,801728.7,543983,288,475,1083,2498,7.899999999906868,,,,,5.5,940,-56,313,2287,92,86,10
10/01/2026 13:00:00,,21.5,45.2,66.3,8.5,10.6,93,13.9,49,69,90,5.3,0,,18.9,10.1,24.8,,Off,,,,,,72,67,430,65,45,,69,72,53,56,54,,0.99,,6.1,658,98.3,,,,801736.3,543983,289,481,1083,2498,7.600000000093132,,,,,4.8,933,-40,313,2257,94,90,10
10/01/2026 14:00:00,,,,,,,,,,,85,,,,,,,,,,,,,,,,,,,,,,,,,,,,,,,,,,801745,,,,,2498,8.699999999953434,,,,,,,,,,,,
10/01/2026 15:00:00,,91.8,45.3,66.1,8.9,9.4,88,13.2,79,76,85,5.6,0,,13.6,,13.5,,Off,,,,,,71,66,450,67,63,,68,71,58,77,58,,1.01,,,681,98.3,14.6,20,,801753.6,543985,297,490,1094,2498,8.599999999976717,,,,,5.5,945,-58,313,2282,93,91,10
10/01/2026 16:00:00,,,,,,,,,,,,,,,,,,,,,,,,,,,,,,,,,,,,,,,,,,,,,801761.5,,,,,2498,7.900000000023283,,,,,,,,,,,,
10/01/2026 17:00:00,,CB,,,,,,,82,82,85,5.4,0,,13.3,10.9,21.7,,Off,,,,,,72,67,450,67,54,,68,71,470,59,71,,1.01,,,,,,,,801765.6,543992,297,490,1095,2498,4.099999999976717,,,,,5.3,935,-50,314,2268,92,74,10
10/01/2026 18:00:00,,C/B,,,,,,,75,81,85,6.1,0,,17,10.9,20,,off,,,,,,72,67,450,71,53,,69,71,470,61,70,,1.02,,,,98.3,,,,801774.6,543987,296,490,1095,2498,9,97.59999999997672,,,,4.3,934,-50,315,2287,93,97,10
10/01/2026 19:00:00,,C/B,,,,,,,73,75,85,6.1,0,,18,10.9,20,,off,,,,,,72,67,450,73,51,,69,71,470,61,65,,1.01,,5.7,686,98.6,14,22,,801783.8,543997,297,490,1095,2498,9.20000000006985,,,,,4.9,947,-65,313,2290,92,88,10
10/01/2026 20:00:00,,C/B,,,,,,,71,59,85,6.5,0,,21,7.8,20,,off,,,,,,72,68,450,69,46,,69,71,470,59,58,,1.06,,,,98,,,,801792.8,544007,296,490,1095,2498,9,,,,,4.9,946,-60,313,2283,92,91,10
10/01/2026 21:00:00,,C/B,,,,,,,68,41,85,6.1,0,,0,10,20,,off,,,,,,72,67,450,69,50,,69,71,470,58,63,,1.02,,,,98.4,,,,801802,544016,296,490,1095,2498,9.199999999953434,,,,,5.3,940,-67,312,2273,93,96,10
10/01/2026 22:00:00,,19.2,46,66.7,9.5,8.3,83.3,12.5,68,70,85,6.4,0,,13,10.8,19,,off,,,,,,72,68,450,69,50,,69,71,470,58,66,,1.02,,,,98.5,,,,801810.8,544022,297,490,1098,2498,8.800000000046566,,,,,5.1,938,-61,313,2289,93,92,10
10/01/2026 23:00:00,,19,46.5,66.8,8.5,7.9,82.3,12.4,68,72,85,67,0,,15,10.9,18,,off,,,,,,72,67,450,74,47,,69,71,470,60,64,,1.02,,6.1,675,98.5,14.9,20,,801820.1,544027,297,490,1103,2498,9.29999999993015,,,,,5,946,-50,315,2264,92,82,10
11/01/2026 00:00:00,,18.9,45.5,65,9.2,8.5,81.9,12.3,66,72,85,6.4,0,,16,10.8,17,,off,,,,,,72,67,450,74,49,,69,71,470,60,63,,1.02,,,,,,,,801829.4,544036,297,490,1104,2498,9.300000000046566,,,,,5,938,-68,313,2283,93,86,10
11/01/2026 01:00:00,,off,,,,,,,62,60,44,6.4,0,,18,10.8,17,,off,,,,,,72,67,450,71,50,,70,71,470,59,65,,1.02,,,,98.7,,,,801838.5,544040,299,490,1104,2498,9.099999999976717,,,,,5.2,943,-70,312,2110,85,82,100
11/01/2026 02:00:00,,off,,,,,,,58,60,42,6.6,0,,19,10.9,20,,off,,,,,,72,67,450,72,54,,70,66,470,61,66,,1.01,,,,,,,,801847.8,544053,299,490,1104,2498,9.300000000046566,,,,,4.9,944,-46,313,2071,85,78,100
11/01/2026 03:00:00,,C/B,,,,,,,58,53,45,6.8,0,,25,11.2,22,,off,,,,,,72,68,450,73,50,,69,71,470,62,60,,1.02,,5.9,669,98.7,15.2,21,,801857.1,544062,298,490,1105,2498,9.29999999993015,,,,,4.9,935,-61,310,2102,88,86,20
11/01/2026 04:00:00,,18.7,45.2,64.4,8.1,7.8,81,12.2,59,51,85,6.5,0,,16,11.6,21,,off,,,,,,72,68,450,73,50,,69,71,470,60,69,,1,,,,,,,,801866.6,544063,297,490,1110,2498,9.5,,,,,5,942,-57,312,2242,92,91,10
11/01/2026 05:00:00,,19.5,44.7,66.1,8,10.5,84.6,12.7,55,68,85,6.4,0,,16,11.2,21,,off,,,,,,72,67,470,73,47,,69,71,470,59,62,,1.01,,,,,,,,801875.6,544072,297,490,1110,2498,9,,,,,4.7,943,-58,314,2251,93,91,10
11/01/2026 06:00:00,,,,,,,,,,,,,,,,,,,off,,,,,,,,,,,,,,,,,,,,,,,,,,801883.6,544081,,490,,2498,8,109,206.59999999997672,99,,,,,,,,,
11/01/2026 07:00:00,,19.6,45.1,66.8,9,12.4,84.9,12.7,73,63,85,6.6,0,,18,10.8,22.5,,off,,,,,,72,68,470,76,51,,69,71,470,59,62,,1.01,,5.5,654,98.7,14.7,22,,801892.9,544098,298,490,1110,2498,9.300000000046566,,,,,6,935,-75,312,2266,95,98,10
11/01/2026 08:00:00,,CB,,,,,,,64,65,85,7.5,0,,0,10.6,23.3,,off,,,,,,,,,,,,,,,,,,,,,,,,,,801902.1,,,,,,9.199999999953434,,,,,,,,,,,,
11/01/2026 09:00:00,,CB,,,,,,,64,65,85,8.5,0,,2.9,10.5,22.9,,off,,,,,,68,64,450,64,280,,65,67,450,54,365,,1.02,,,,,,,,801911,544109,296,490,1116,2498,8.900000000023283,,,,,5.2,930,-44,314,2271,91,87,10
11/01/2026 10:00:00,,CB,,,,,,,,,,,,,,,,,off,,,,,,,,,,,,,,,,,,,,,,,,,,801917.3,,,490,,2498,6.300000000046566,,,,,,,,,,,,
11/01/2026 11:00:00,,18.1,43.6,71.2,6.9,5.9,78.5,11.8,68,69,85,10.3,0,,1,10.6,21.5,,off,,,,,,71,66,450,68,52,,68,71,450,55,69,,1.03,,6.4,660,98.9,17.8,23,,801919.4,544115,295,490,1119,2498,2.099999999976717,,,,,4.7,936,-52,314,2256,94,94,10
11/01/2026 12:00:00,,21.3,43,70.9,8.4,7.6,92.5,13.9,81,75,85,10.6,0,,4.8,10.4,20.5,,Off,,,,,,72,67,420,62,55,,68,70,420,48,68,,1.03,,,,,,,,801927.6,544125,295,490,1121,2498,8.199999999953434,,,,,5.2,934,-73,312,2241,91,96,10
11/01/2026 13:00:00,,,,,,,,,,,,,,,,,,,Off,,,,,,,,,,,,,,,,,,,,,668,99,,,,801931.4,,,490,,2498,3.800000000046566,,,,,,,,,,,,
11/01/2026 14:00:00,,CB,,,,,,,,,,,,,,,,,,,,,,,,,,,,,,,,,,,,,,,,,,,801936.6,,,490,,2498,5.199999999953434,,,,,,,,,,,,
11/01/2026 15:00:00,,CB,,,,,,,,,,,,,,,,,,,,,,,,,,,,,,,,,,,,,,,,,,,801936.6,,,490,,2498,0,,,,,,,,,,,,
11/01/2026 16:00:00,,CB,,,,,,,57,55,96,10,0,,21.6,10.8,20.8,,72,73,400,48,60,,73,69,470,70,54,,71,73,470,56,68,,1.01,,5.1,677,98.6,22.4,23,,801944.4,544140,299,490,1125,2498,7.800000000046566,,,,,5.5,921,-64,313,2279,93,100,10
11/01/2026 17:00:00,,CB,,,,,,,59,50,96,10,0,,1702,10.6,28.2,,73,74,400,51,58,,73,69,470,75,55,,71,74,470,60,68,,1.01,,,,,,,,,544140,299,490,1134,2498,-801944.4,,,,,4.8,922,-101,314,2276,96,100,10
11/01/2026 18:00:00,,19.6,43.2,64.9,8.1,5.8,84.9,12.7,63,58,96,10,0,,22,11.2,27,,73,74,400,51,58,,73,70,470,75,52,,71,73,470,62,62,,1,,,,,,,,801968.3,544140,298,490,1134,2498,801968.3,84.70000000006985,,,,4.9,914,-123,310,2210,96,100,10
11/01/2026 19:00:00,,20.6,43.5,63.5,7.5,8.3,89.4,13.4,62,71,96,10,0,,2,n/a,24,,73,74,400,50,62,,73,70,470,74,56,,off,,,,,,0.97,,6.3,690,98.5,19.1,21,,801978.1,544143,299,490,1143,2498,9.79999999993015,,,,,5.3,919,-59,310,2257,96,100,15
11/01/2026 20:00:00,,21.5,43.3,64.8,8.9,8.9,93.5,14,67,76,96,10.7,0,,25,n/a,22,,75,75,430,48,66,,75,71,470,59,63,,off,,,,,,1,,,,,,,,801986.2,544152,297,490,1143,2498,8.099999999976717,,,,,5.3,930,-67,311,2276,96,98,15
11/01/2026 21:00:00,,21,44,66.7,BW,9.7,91,13.7,75,72,96,11.7,0,,17,n/a,25,,74,70,450,62,61,,74,70,470,75,55,,off,,,,,,1.02,,,,98.6,,,,801994.2,544161.4,295,490,1143,2498,8,,,,,5.1,916,-110,312,2264,96,100,15
11/01/2026 22:00:00,,21.5,43.8,67.1,8.1,5.7,92.9,13.9,75,81,96,11.5,0,,26,10.3,30,,75,76,450,61,65,,74,70,470,74,58,,off,,,,,,1.01,,,,,,,,802002.8,544170,297,490,1143,2498,8.600000000093132,,,,,5,932,-55,313,2276,95,93,15
11/01/2026 23:00:00,,22,44,65.7,8.4,9,95.3,14.3,82,69,96,11,0,,69,11.1,37,,77,77,450,59,63,,74,71,470,71,59,,73,75,470,60,69,,1.01,,3.8,684,98.9,22,23,,802013.3,544176,298,490,1147,2498,10.5,,,,,5.4,960,-49,314,2290,93,87,15
12/01/2026 00:00:00,,C/B,,,,,,,78,60,96,10.9,0,,78,10.8,38,,78,77,460,62,64,,74,71,470,73,55,,73,76,470,61,67,,1.02,,,,,,,,802026.7,544179,298,490,1150,2498,13.399999999906868,,,,,4.7,938,-50,314,2304,95,84,15
12/01/2026 01:00:00,,C/B,,,,,,,74,51,96,10.7,0,,93,10.8,33,,78,77,460,60,61,,74,71,470,71,55,,73,76,470,59,66,,1.01,,,,,,,,802039.9,544188,298,490,1154,2498,13.20000000006985,,,,,5,945,-60,314,2294,96,82,15
12/01/2026 02:00:00,,C/B,,,,,,,67,48,96,10.5,0,,100,10.8,33,,78,77,460,60,58,,74,71,470,72,52,,74,77,470,60,63,,1.01,,,,,,,,802053.1,544195,300,490,1160,2498,13.199999999953434,,,,,5.8,945,-51,314,2301,92,85,15
12/01/2026 03:00:00,,21.9,44,64,9.7,9.8,95,14.2,44,59,96,10.1,0,,98,11.1,33,,78,78,460,60,67,,75,71,470,68,59,,79,80,470,59,74,,1,,3.3,687,98.9,22.2,22,,802066.3,544197,300,490,1170,2498,13.20000000006985,,,,,5.2,927,-71,312,2283,96,100,15
12/01/2026 04:00:00,,,,,,,,,53,28,96,10.2,0,,72,10.9,36,,77,76,460,62,64,,74,70,470,74,54,,74,76,470,60,66,,1.02,,,,,,,,802078.6,544197,299,490,1185,2498,12.29999999993015,,,,,4.7,933,-59,313,2289,96,93,15
12/01/2026 05:00:00,,21.8,43.8,66.6,8.1,7.1,94.3,14.1,49,28,96,10.2,0,,100,10.2,38,,77,76,460,60,56,,74,70,470,69,52,,75,77,470,58,62,,0.99,,,,,,,,802091.8,544209,300,490,1189,2498,13.20000000006985,,,,,5.8,945,-71,313,2300,94,91,15
12/01/2026 06:00:00,,,,,,,,,,,,,,,,,,,,,,,,,,,,,,,,,,,,,,,,,,,,,802104.6,544213,300,490,1194,2498,12.79999999993015,136.29999999993015,221,132,,,,,,,,,
12/01/2026 07:00:00,,22.2,44.8,66.5,9.7,10.1,96.2,14.4,48,28,96,10.1,0,,66,10.5,32.2,,77,76,460,63,57,,73,70,470,75,49,,73,76,470,60,63,,1.01,,4.7,701,99.1,21.8,23,,802117.8,544216,300,490,1206,2498,13.20000000006985,,,,,4.9,928,-62,313,2283,96,99,15
12/01/2026 08:00:00,,21.2,44.9,67.5,9.2,8.8,91.9,13.8,57,28,96,10.1,0,,100,10.3,34.8,,76,76,460,60,58,,74,70,470,70,52,,74,76,470,58,63,,1.11,,,681,99,,,,802130.9,544224,300,490,1199,2498,13.099999999976717,,,,,5.2,927,-84,311,2259,95,100,15
12/01/2026 09:00:00,,21.5,44.4,68.1,10.1,9.1,93.3,14,72,32,96,9.8,0,,100,10.6,35.5,,75,76,460,62,60,,74,70,470,72,54,,73,76,470,59,66,,1.01,,,,,,,,802144.1,544227,301,490,1210,2498,13.199999999953434,,,,,5.7,939,-57,312,2267,94,83,15
12/01/2026 10:00:00,,20.5,43.2,66.2,8,7,88.9,13.3,76,26,96,10.1,0,,100,10.6,33.7,,76,76,460,61,60,,74,70,470,71,52,,73,76,470,60,62,,1.07,,,,99,,,,802157.2,544231,300,490,1222,2498,13.099999999976717,,,,,,,,,,,,
12/01/2026 11:00:00,,21.8,43.6,67.2,7.7,6.4,94.7,14.2,70,26,96,10.2,0,,100,9,43.5,,77,77,460,56,59,,75,71,470,64,53,,75,78,470,55,60,,1.05,,5.4,694,98.88,22.7,22,,802170,544231,300,490,1192,2498,12.800000000046566,,,,,5,936,-52,314,2299,95,90,15
12/01/2026 12:00:00,,22.3,43.3,65.3,8.5,8,96.4,14.5,49,26,96,10.1,0,,100,9.7,74.6,,76,76,460,60,61,,73,70,470,73,51,,73,75,470,60,64,,1.1,,,,,,,,802183.2,544238,300,490,1169,2498,13.199999999953434,,,,,4.8,941,-52,315,2290,95,91,15
12/01/2026 13:00:00,,22.6,43.7,66.9,8.9,6.8,98,14.7,66,26,96,10.5,0,,100,10.2,133.3,,76,76,460,60,62,,74,70,470,72,53,,72,75,470,62,64,,1.07,,,,,,,,802196.8,544238,299,490,1179,2498,13.600000000093132,,,,,5.5,941,-25,314,2305,95,82,15
12/01/2026 14:00:00,,22.4,44.5,66.6,8.9,8,97.1,14.6,80,26,96,10.8,0,,100,9,61,,76,76,460,60,55,,74,70,470,70,51,,73,76,470,60,60,,0.99,,,,,,,,802210.3,544238,299,490,1156,2498,13.5,,,,,4.7,939,-54,313,2272,95,80,15
12/01/2026 15:00:00,,22.2,44.3,65.9,9.6,7,96.1,14.4,78,26,96,10.7,0,,100,9.6,136.7,,76,76,460,64,75,,74,70,470,74,65,,73,76,470,63,76,,1.15,,4.8,701,98.9,24.3,24,,802223.6,544238,300,490,1147,2498,13.29999999993015,,,,,5.2,936,-63,311,2293,96,82,15
12/01/2026 16:00:00,,21.8,44.7,65.6,9.6,8.9,94.6,14.2,66,26,96,10.6,0,,100,10,120.7,,76,76,460,60,57,,74,70,470,71,54,,73,76,470,60,65,,1.01,,,,,,,,802237.1,544244,301,490,1125,2498,13.5,,,,,4.7,940,-61,313,2339,96,77,15
12/01/2026 17:00:00,,21.3,44.3,63.3,9.4,10.2,92.4,13.9,74,26,96,9.4,0,,100,9.8,115.4,,76,77,460,60,64,,74,70,470,71,55,,73,76,470,60,64,,1.01,,,,,,,,802250.4,544245,303,490,1121,2498,13.300000000046566,,,,,5,939,-67,313,2325,96,81,15
12/01/2026 18:00:00,,21.3,44.3,64.8,8.3,7.7,92.3,13.9,78,26,96,9.8,0,,100,10.3,41.8,,75,76,460,63,58,,73,70,470,76,53,,73,75,470,64,63,,1.02,,,,,,,,802263.8,544257,300,490,1124,2498,13.400000000023283,159.20000000006985,,,,5.1,943,-67,312,2298,96,77,15
12/01/2026 19:00:00,,21.5,44.4,64.4,8.4,7.9,95,14.2,72,26,96,9.6,0,,100,10.1,97.9,,75,76,460,63,61,,73,70,470,78,48,,73,75,470,63,63,,1.11,,4.6,669,98.8,24.2,23,,802277.6,544259,302,490,1076,2498,13.79999999993015,,,,,5,941,-58,314,2308,95,81,15
12/01/2026 20:00:00,,22.1,44.9,62.6,9.2,9.4,96,14.4,55,26,96,9.7,0,,100,10.1,237.8,,75,76,430,56,53,,73,69,430,62,51,,73,75,430,54,57,,1.01,,,,,,,,802290.4,544262,302,490,1082,2498,12.800000000046566,,,,,5,942,-51,314,2311,96,80,15
12/01/2026 21:00:00,,21.9,44.1,62,9.4,11.4,94.8,14.2,72,26,96,9.6,0,,100,10.4,116.3,,75,76,430,57,56,,73,69,460,63,48,,72,75,430,54,59,,1.03,,,,,,,,802302.5,544269,300,490,1087,2498,12.099999999976717,,,,,5.1,945,-53,313,2332,95,74,15
12/01/2026 22:00:00,,19.2,46.4,63.7,8.6,9.4,83.2,12.5,73,26,90,9.3,0,,100,10.4,37.5,,75,76,460,63,59,,74,70,470,73,52,,73,75,470,61,63,,1.02,,,,,,,,802316.1,544275,300,490,1107,2498,13.599999999976717,,,,,5.1,939,-76,312,2288,96,84,15
12/01/2026 23:00:00,,19.2,46.5,63.8,9.1,8.9,83.33,12.5,74,26,90,9.3,0,,100,10.6,37.1,,75,76,460,62,62,,74,70,470,73,52,,74,76,470,62,63,,1.02,,5.7,679,99,23.2,23,,802329.8,544275,300,490,1109,2498,13.70000000006985,,,,,5.6,938,-70,312,2310,96,87,15
13/01/2026 00:00:00,,18.4,47.2,63.8,9.4,8.8,79.7,12,74,26,90,9.1,0,,100,10.7,36.9,,75,76,460,63,60,,74,70,470,74,52,,74,76,470,62,64,,1.02,,,,,,,,802343.6,,,490,,2498,13.79999999993015,,,,,,,,,,,,
13/01/2026 01:00:00,,,,,,,,,,,,,,,,,,,,,,,,,,,,,,,,,,,,,,,,,,,,,802357.6,,,490,,2498,14,,,,,5.4,940,-68,313,2278,95,84,15
13/01/2026 02:00:00,,18,47,64.1,8.8,9.4,78.1,11.7,78,26,85,7.3,0,,93.1,9.9,47.2,,72,73,460,63,64,,73,69,470,72,64,,71,73,470,62,73,,1.03,,,,,,,,802370.6,544282,304,490,1152,2498,13,,,,,4.7,944,-62,313,2299,95,79,15
13/01/2026 03:00:00,,18.2,47.4,64.9,8.6,10,78.8,11.8,76,26,85,7.7,0,,100,10.4,75.9,,73,75,460,64,56,,72,68,470,75,51,,71,73,470,63,58,,1.03,,6,654,99.1,21.8,23,,802382.4,544289,304,490,1152,2498,11.800000000046566,,,,,5.4,929,-71,312,2277,96,89,15
13/01/2026 04:00:00,,18,46.8,64.3,9.4,8.8,78.1,11.7,72,26,85,8.3,0,,100,10.3,145.1,,73,75,450,63,54,,72,68,450,69,48,,71,72,450,60,54,,1.03,,,,,,,,802396.5,544294,303,490,1160,2498,14.099999999976717,,,,,4.9,939,-59,313,2301,95,78,15
13/01/2026 05:00:00,,18,48.4,64.4,9.3,10.4,77.8,11.7,69,26,85,8.2,0,,100,10.6,78.2,,73,74,450,64,56,,72,68,450,70,48,,70,72,450,60,58,,1.04,,,,,,,,802409.9,544296,302,490,1169,2498,13.400000000023283,,,,,5.4,930,-69,313,2301,94,85,15
13/01/2026 06:00:00,,,,,,,,,,,,,,,,,,,,,,,,,,,,,,,,,,,,,,,,,,,,,802423.5,544296,303,490,1173,2498,13.599999999976717,159.69999999995343,318.9000000000233,83,,,,,,,,,
13/01/2026 07:00:00,,16.1,48.7,62,7.5,8,70,10.5,65,26,90,7,0,,100,10.8,45,,73,74,450,63,53,,72,68,450,71,48,,70,72,450,60,56,,1.03,,5.8,671,98.9,22.1,23,,802437,544300,304,490,1157,2498,13.5,,,,,5.1,939,-64,312,2311,94,70,15
13/01/2026 08:00:00,,16.8,47.3,61.2,8.3,8.3,73,10.9,74,26,90,6.6,0,,100,10.6,44.6,,73,74,450,62,58,,72,68,450,69,52,,71,73,450,60,57,,1.12,,,,,,,,802450.4,544300,306,490,1150,2498,13.400000000023283,,,,,5.4,938,-59,313,2326,96,84,15
13/01/2026 09:00:00,,17.3,46.6,61,7.8,8,75,11.2,83,26,90,6.2,0,,100,10.8,38.4,,72,74,450,65,59,,72,69,450,68,59,,71,72,450,60,69,,1.13,,,,,,,,802464,544300,304,490,1092,2498,13.599999999976717,,,,,5.5,941,-61,312,2313,96,75,15
13/01/2026 10:00:00,,17.8,45.1,60.7,bw,8.8,77,11.5,77,26,90,6.4,0,,100,11.5,41,,72,74,450,64,52,,72,68,460,72,50,,71,72,460,62,58,,1.12,,,,,,,,802477.6,544300,300,310,1049,2498,13.599999999976717,,,,,5.9,936,-77,312,2323,96,81,15
13/01/2026 11:00:00,,19.4,45.6,62.3,9.1,9.4,84.1,12.6,58,26,90,6,0,,100,11.5,30.6,,73,74,450,62,54,,72,68,460,70,52,,71,73,460,62,54,,1.05,,6.1,668,98.8,24.7,22,,802491.4,544300,295,310,1002,2498,13.800000000046566,,,,,5,947,-59,313,2313,96,73,15
13/01/2026 12:00:00,,18.4,47.9,63.9,9.8,10.6,79.9,12,77,26,90,6.6,0,,100,11,36.9,,72,73,450,68,47,,72,69,460,72,53,,71,73,460,65,58,,1.13,,,,,,,,802505.3,544300,290,310,988,2498,13.900000000023283,,,,,5.1,944,-55,312,2286,93,79,15
13/01/2026 13:00:00,,18.2,48.1,64.4,8.4,7.9,78.7,11.8,79,26,90,7.9,0,,99.9,11.4,40.5,,73,74,450,64,51,,73,69,460,71,50,,72,74,460,62,55,,1.15,,,,,,,,802519.1,544300,286,310,941,2498,13.79999999993015,,,,,5.2,938,-59,313,2291,95,76,15
13/01/2026 14:00:00,,18.6,49,65,8.7,9,80.6,12.1,72,26,90,6.9,0,,100,11.8,41,,73,74,450,63,56,,72,69,460,71,52,,72,73,460,53,61,,1.14,,,,,,,,802533.2,544300,281,310,894,2498,14.099999999976717,,,,,5.2,940,-62,313,2315,95,80,15
13/01/2026 15:00:00,,18.8,48.5,65.4,9,10.7,81.2,12.2,48,26,90,7.7,0,,100,11.3,36.8,,73,74,450,69,50,,73,70,460,70,54,,72,74,460,62,62,,1.08,,6.4,662,98.7,23.9,23,,802547.2,544300,279,310,862,2498,14,,,,,5.4,943,-63,312,2300,96,74,15
13/01/2026 16:00:00,,,,,,,,,,,,,,,,,,,,,,,,,,,,,,,,,,,,,,,,,,,,,802559.5,544300,274,310,878,2498,12.300000000046566,,,,,,,,,,,,
13/01/2026 17:00:00,,17.4,48,65.6,8.4,6.8,75.6,11.3,61,26,90,7.3,0,,38.2,10.6,43,,71,72,450,63,77,,72,68,460,66,78,,70,72,460,58,93,,0.99,,,,,,,,802566.9,544300,272,310,873,2498,7.400000000023283,,,,,5.8,938,-70,313,2346,94,84,15
13/01/2026 18:00:00,,,,,,,,,,,,,,,,,,,,,,,,,,,,,,,,,,,,,,,,,,,,,802580.7,,,,,,13.79999999993015,157.19999999995343,,,,,,,,,,,
13/01/2026 19:00:00,,17.7,47.3,61.5,9.5,10.49,76.5,11.5,79,26,90,6.2,0,,37.6,11.4,74.6,,71,71,420,60,54,,72,68,42,63,52,,70,72,420,54,60,,1.1,,6.6,660,98.8,20.9,22,,802589.7,544300,272,310,867,2498,9,,,,,4.7,939,-58,314,2304,96,80,15
13/01/2026 20:00:00,,CB,,,,,,,66,26,90,5.6,0,,71.3,11.1,38,,72,73,450,66,55,,72,69,450,70,53,,71,74,450,61,60,,1.01,,,,,,,,802602.9,544300,266,310,886,2498,13.20000000006985,,,,,5,946,-55,313,2302,96,77,15
13/01/2026 21:00:00,,17,46.7,61.7,7.9,9.4,73.6,11,67,26,90,6.5,0,,77.6,10.8,55.4,,73,73,450,68,57,,72,69,450,67,63,,72,75,450,60,72,,0.99,,,,,,,,802615.2,544300,260,310,897,2498,12.29999999993015,,,,,5.4,932,-74,313,2305,94,87,15
13/01/2026 22:00:00,,,,,,,,,,,,,,,,,,,,,,,,,,,,,,,,,,,,,,,,,,,,,802628.1,,,,,,12.900000000023283,,,,,,,,,,,,
13/01/2026 23:00:00,,17.9,45.6,64.4,7.9,5.4,77.7,11.7,80,26,85,6.2,0,,29.2,11.4,25.6,,70,71,420,57,59,,72,68,420,61,53,,70,71,420,54,60,,0.98,,6.4,663,98.8,21.3,22,,802635,544300,267,321,910,2498,6.900000000023283,,,,,4.7,947,-59,313,2294,96,79,15
14/01/2026 00:00:00,,17.5,46,63.7,9.9,7.8,75.6,11.4,78,26,85,6,0,,47.2,11.1,26.6,,72,73,450,65,57,,72,68,450,71,51,,70,72,450,62,59,,0.99,,,,,,,,802647.3,544300,272,332,910,2498,12.300000000046566,,,,,5.1,934,-67,311,2302,96,88,15
14/01/2026 01:00:00,,18,48.3,64.8,9.5,11.4,77.9,11.7,64,26,85,6.5,0,,80.9,11.1,25.8,,73,74,460,66,64,,72,69,470,76,58,,71,73,470,67,66,,0.98,,,,,,,,802660.4,544300,279,350,910,2498,13.099999999976717,,,,,4.7,942,-63,313,2296,95,87,15
14/01/2026 02:00:00,,17,49.9,63.9,9.3,8.9,73.4,11,73,26,85,6.4,0,,88.9,11.2,25.6,,73,75,450,66,63,,72,69,450,77,54,,71,73,470,67,66,,0.99,,,,,,,,802674.4,544300,283,357,910,2498,14,,,,,4.9,941,-64,314,2309,96,88,15
14/01/2026 03:00:00,,16,49.5,66.7,9.4,8.4,69.2,10.4,82,26,80,6.3,0,,100,11.9,26.7,,73,75,450,64,66,,72,68,450,73,55,,71,73,450,62,68,,0.97,,6.1,653,98.7,19.4,22,,802687.6,544300,292,374,910,2498,13.199999999953434,,,,,5.1,937,-69,312,2273,94,85,15
14/01/2026 04:00:00,,16.4,49.7,66.3,8.5,8.4,71,10.7,77,26,80,5.6,0,,77.9,10.4,93.7,,73,74,450,61,62,,72,67,450,65,56,,70,73,450,59,66,,0.98,,,,,,,,802700.3,544300,301,384,916,2498,12.70000000006985,,,,,4.6,943,-43,314,2299,93,83,15
14/01/2026 05:00:00,,16.6,50.1,71.8,9,10.3,71.8,10.8,77,26,80,5.4,0,,53.6,10.9,36.4,,72,74,450,65,46,,71,67,450,73,40,,69,71,450,62,47,,0.98,,,,,,,,802712.9,544300,300,384,927,2498,12.599999999976717,,,,,5.2,944,-64,312,2277,94,80,15
14/01/2026 06:00:00,,,,,,,,,,,,,,,,,,,,,,,,,,,,,,,,,,,,,,,,,,,,,802727.5,544300,,,,,14.599999999976717,146.80000000004657,304,4,,,,,,,,,
14/01/2026 07:00:00,,CB,,,,,,,70,26,80,4.8,0,,89,11,32,,72,74,450,66,52,,72,68,450,72,49,,69,71,450,64,54,,1.06,,5.4,651,98.3,19.4,22,,802740.9,544300,301,384,889,2498,13.400000000023283,,,,,4.9,942,-59,313,2290,94,82,15
14/01/2026 08:00:00,,17.3,49,68.1,6.3,8.5,75.1,11.3,61,26,82,4.9,0,,44,10.9,34,,72,73,450,63,55,,72,67,450,73,47,,69,71,450,63,57,,1.2,,,,,,,,802755.3,544300,303,384,889,2498,14.400000000023283,,,,,5.1,941,-59,312,2289,94,82,15
14/01/2026 09:00:00,,,,,,,,,,,,,,,,,,,,,,,,,,,,,,,,,,,,,,,,,,,,,802765.6,544300,,,,,10.29999999993015,,,,,,,,,,,,
14/01/2026 10:00:00,,17.8,49.1,68.3,8.4,9.8,77,11.5,67,26,82,6.7,0,,43,10.2,25,,71,73,450,62,55,,72,67,450,69,49,,69,70,450,60,57,,1.07,,,,98.2,,,,802775.5,544300,299,384,863,2498,9.900000000023283,,,,,4.6,938,-54,313,2280,95,79,15
14/01/2026 11:00:00,,18.1,48.7,69.3,8.9,9.4,78.6,11.8,78,26,82,7.3,0,,43,10.8,24,,72,72,450,62,59,,72,68,450,71,50,,69,70,450,60,57,,0.99,,5.8,667,98.3,21.4,22,,802788.7,544300,308,396,856,2498,13.199999999953434,,,,,4.8,940,-61,314,2303,93,78,15
14/01/2026 12:00:00,,,,,,,,,,,,,,,,,,,,,,,,,,,,,,,,,,,,,,,,,,,,,802801.9,544302,,,,,13.20000000006985,,,,,,,,,,,,
14/01/2026 13:00:00,,,,,,,,,,,,,,,,,,,,,,,,,,,,,,,,,,,,,,,,,,,,,802814,544309,,,,,12.099999999976717,,,,,,,,,,,,
14/01/2026 14:00:00,,18.9,48.1,69,BW,,82,12.3,83,26,84,7.7,0,,27,10.6,26,,73,73,400,49,64,,72,68,470,74,55,,70,71,470,61,69,,1.11,,,,98.5,,,,802826,544313,307,396,820,2498,12,,,,,5.5,941,-70,312,2290,93,75,15
14/01/2026 15:00:00,,18,47.7,69,9.2,6.8,77.9,11.7,77,26,84,7.1,0,,36,10.4,35,,73,73,400,50,56,,72,68,450,68,50,,69,71,450,59,59,,1.01,,5.4,666,98.8,21.4,22,,802838.5,544320,309,396,800,2498,12.5,,,,,5.2,943,-60,312,2304,94,73,15
14/01/2026 16:00:00,,18,49.3,68.7,8.8,7.9,78.2,11.7,80,26,84,7.4,0,,28,10.3,87,,73,73,400,49,60,,72,68,450,68,54,,69,71,450,58,62,,1.21,,,,99.1,,,,802850.8,544325,309,396,764,2498,12.300000000046566,,,,,5,941,-54,313,2299,94,73,15
14/01/2026 17:00:00,,18.2,47.8,70.2,8.6,,78.8,11.8,75,26,84,7.3,0,,27,,30,,73,73,400,48,63,,72,68,450,66,56,,69,71,450,57,66,,1,,,,99,,,,802863.1,544331,309,396,741,2498,12.29999999993015,,,,,5.6,942,-65,313,2309,94,72,15
14/01/2026 18:00:00,,,,,,,,,,,,,,,,,,,,,,,,,,,,,,,,,,,,,,,,,,,,,802875.5,544341,309,396,716,2498,12.400000000023283,148,,,,,,,,,,,
14/01/2026 19:00:00,,18.9,50,69.7,10.6,10.1,77,11.5,79,26,84,7.1,0,,34.3,8.6,28.5,,73,73,400,48,55,,72,69,460,68,49,,70,71,460,58,58,,1.17,,3.7,688,99,21.5,21,,802887.8,544343,309,396,697,2498,12.300000000046566,,,,,5.1,938,-64,313,2295,96,74,15
14/01/2026 20:00:00,,18.2,50,70.5,9,9.4,78.8,11.8,75,26,84,7.7,0,,28.9,10.8,87.7,,72,72,400,51,60,,72,68,460,77,47,,70,71,460,62,61,,1.01,,,,,,,,802899.4,544349,307,396,645,2498,11.599999999976717,,,,,4.7,938,-49,313,2314,95,75,15
14/01/2026 21:00:00,,17.6,50.3,70.2,8.7,12.1,76.3,11.4,79,26,84,7.4,0,,35.7,10.6,50.2,,72,72,400,48,76,,72,68,430,59,72,,69,71,430,51,82,,1,,,,,,,,802910,544352,308,96,650,2498,10.599999999976717,,,,,5,940,-67,313,2311,95,73,15
14/01/2026 22:00:00,,16.2,49.3,68.7,8.4,7,70.1,10.5,80,26,88,7.7,0,,46.2,10.8,36.5,,71,72,400,53,54,,72,68,460,73,52,,70,71,460,63,58,,1.04,,,,,,,,802922.8,,,,,,12.800000000046566,,,,,5,933,-58,313,2296,95,84,15
14/01/2026 23:00:00,,,,,,,,,,,,,,,,,,,,,,3,,,,,,,,,,,,,,,,,,,,,,,802934.7,,,,,,11.899999999906868,,,,,,,,,,,,
15/01/2026 00:00:00,,,,,,,,,,,,,,,,,,,,,,,,,,,,,,,,,,,,,,,,668,98.9,,,,802943.7,,,,,,9,,,,,,,,,,,,
15/01/2026 01:00:00,,CB,,,,,,,76,26,88,7.6,0,,21.9,11,36.2,,73,72,400,52,55,,43,42,470,20,66,,68,70,470,62,71,,0.98,,,,,,,,802951.6,544370,307,396,673,2498,7.900000000023283,,,,,5.2,941,-61,313,2302,95,79,15
15/01/2026 02:00:00,,CB,,,,,,,73,26,88,7.8,0,,35.6,10.6,51,,75,73,400,52,49,,72,68,450,70,50,,70,73,450,59,60,,1.05,,,,,,,,802962.9,544374,308,396,678,2498,11.300000000046566,,,,,5.4,938,-74,313,2320,95,83,15
15/01/2026 03:00:00,,CB,,,,,,,71,26,88,7.1,0,,45,11.3,164,,75,73,400,52,56,,72,68,430,66,48,,70,72,430,57,55,,0.99,,6.1,671,99.3,20.8,23,,802975.1,544383,310,396,682,2498,12.199999999953434,,,,,4.9,937,-61,313,2289,96,83,15
15/01/2026 04:00:00,,16.2,50,63.3,8,8.6,70.2,10.5,53,26,88,7.2,0,,95,11.5,161.4,,75,74,400,52,57,,72,68,430,64,56,,71,73,43,54,62,,1.1,,,,,,,,802986.8,544389.8,309,396,689,2498,11.70000000006985,,,,,4.9,938,-61,313,2296,94,83,15
15/01/2026 05:00:00,,16.6,47.7,64,8.4,9.6,71.8,10.8,58,26,88,6.4,0,,39.5,10.8,76,,75,74,400,52,52,,72,68,450,69,48,,71,74,40,58,57,,1.01,,,,,,,,802999.1,544400,312,396,691,2498,12.29999999993015,,,,,4.6,942,-48,314,2399,95,85,15
15/01/2026 06:00:00,,,,,,,,,,,,,,,,,,,,,,,,,,,,,,,,,,,,,,,,,,,,,803011.3,544406,,,,,12.20000000006985,135.80000000004657,283.80000000004657,106,,,,,,,,,
15/01/2026 07:00:00,,17.9,48.1,65,8.8,7.5,77.4,11.6,77,31,88,6.2,0,,38,11.6,26,,75,73,400,50,58,,72,68,450,67,54,,70,73,450,57,66,,1.13,,5.6,650,99,18.7,22,,803023.6,544406,311,396,644,2498,12.29999999993015,,,,,5.1,940,-66,313,2285,96,92,15
15/01/2026 08:00:00,,17.6,48.9,64.7,9.1,6.9,76.4,11.5,78,25,88,5.8,0,,36,10.6,28,,74,73,400,51,58,,72,68,470,71,58,,70,72,470,61,69,,1.02,,,,,,,,803035.9,544414,312,396,646,2498,12.300000000046566,,,,,5.3,938,-67,313,2299,95,90,15
15/01/2026 09:00:00,,,,,,,,,,,,,,,,,,,,,,,,,,,,,,,,,,,,,,,,,,,,,803048.5,544415,,,,,12.599999999976717,,,,,,,,,,,,
15/01/2026 10:00:00,,18.4,49.2,63,8.3,7.8,79.8,12,75,39,90,5.8,0,,31,10.8,28,,75,73,400,51,56,,72,68,470,72,56,,71,73,470,61,64,,1.01,,,,,,,,803061,544431,312,396,651,2498,12.5,,,,,4.7,944,-54,313,2294,96,89,15
15/01/2026 11:00:00,,18.4,49,63.6,9.1,10.3,79.6,11.9,81,24,90,6.4,0,,35,10.8,27,,75,73,400,48,62,,72,68,470,69,59,,71,74,470,60,69,,1.16,,5.8,672,99.2,21.7,22,,803073.4,544440,311,396,629,2498,12.400000000023283,,,,,5.1,943,-66,314,2300,95,100,15
15/01/2026 12:00:00,,CB,,,,,,,77,24,90,7,0,,26,10.4,25,,75,74,400,49,58,,72,68,470,70,53,,71,74,470,60,62,,1.04,,,,,,,,803085.9,544444,309,396,1408,2135,12.5,,,,,4.7,928,-68,313,2275,94,99,15
15/01/2026 13:00:00,,18,49,64.9,8.9,8.4,78,11.7,70,24,90,7.3,0,,30,11.8,26,,75,74,400,47,54,,72,68,470,66,53,,72,74,470,57,61,,1.19,,,,,,,,803098.3,544450,307,396,1368,2135,12.400000000023283,,,,,4.6,947,-52,314,2275,94,85,15
15/01/2026 14:00:00,,18.3,49.2,64,8.4,8,79.3,11.9,73,27,90,7.4,0,,37,11.3,26,,75,74,400,48,60,,72,68,470,68,60,,71,74,470,59,71,,1.06,,,,,,,,803110.5,544464,308,396,1368,2135,12.199999999953434,,,,,4.5,942,-58,313,2273,94,81,15
15/01/2026 15:00:00,,18.2,48.2,66,BW,,78.9,11.8,74,16,90,7.6,0,,25,10.9,25,,75,74,400,48,58,,72,69,470,70,52,,71,73,470,60,59,,1.04,,4.9,678,99.1,20,22,,803122.9,544470,310,396,1373,2135,12.400000000023283,,,,,6,946,-57,313,2281,92,79,15
15/01/2026 16:00:00,,18.2,48.2,65,9.4,9.8,78.8,11.8,81,18,90,6.7,0,,24,10.6,25,,75,73,400,47,61,,72,68,470,69,54,,71,73,470,58,66,,1.17,,,,,,,,803135.1,544477,313,396,1326,2135,12.199999999953434,,,,,4.8,936,-58,314,2309,95,81,15
15/01/2026 17:00:00,,,,,,10,,,,,,,,,,11.1,,,,,,,,,,,,,,,,,,,,,,,,,,,,,803147.2,544485,,,,,12.099999999976717,,,,,,,,,,,,
15/01/2026 18:00:00,,,,,,,,,,,,,,,,,,,,,,,,,,,,,,,,,,,,,,,,,,,,,803159.6,544485,309,396,1310,2135,12.400000000023283,148.29999999993015,,,,,,,,,,,
15/01/2026 19:00:00,,CB,,,,,,,60,13,90,6.2,0,,17.9,10.6,53,,74,73,400,48,55,,72,68,470,68,53,,71,71,470,59,61,,1.05,,5.1,701,99,20.2,22,,803172,544485,306,396,1322,2135,12.400000000023283,,,,,4.5,938,-60,312,2314,96,79,15
15/01/2026 20:00:00,,17.2,50.2,64,10.1,12.1,74.4,11.1,70,0,90,6.4,0,,22,10.8,40.5,,74,73,400,51,57,,72,68,470,73,52,,70,70,470,63,62,,1.05,,,,,,,,803184.2,544485,310,300,1332,2135,12.199999999953434,,,,,5.2,938,-67,312,2275,96,79,15
15/01/2026 21:00:00,,16.3,50,66.8,8.6,8.6,70.5,10.6,72,0,90,6.5,0,,26.3,11,40.5,,75,73,300,34,38,,72,67,300,38,35,,69,70,300,33,34,,1.04,,,,,,,,803194.5,544485,313,315,1332,2135,10.300000000046566,,,,,5.1,943,-65,311,2264,96,72,15
15/01/2026 22:00:00,,17.4,50,66.9,9.1,9.4,75.5,11.3,69,0,90,6.5,0,,31.1,10.8,29.3,,74,72,400,51,63,,72,68,450,65,60,,70,70,450,58,68,,1.01,,,,,,,,803203,544485,317,318,1332,2135,8.5,,,,,5.3,941,-56,312,2273,96,78,15
15/01/2026 23:00:00,,17.6,50,67.2,9.6,10.1,76.4,11.5,64,0,90,6.7,0,,34.4,11,31.1,,74,72,420,55,65,,72,68,470,72,58,,70,70,470,62,69,,1.07,,5.8,676,99.2,21,23,,803215.5,544485,326,326,1332,2135,12.5,,,,,5.3,946,-62,310,2304,96,73,15
16/01/2026 00:00:00,,17.2,50.2,65.4,9,8.7,74.4,11.2,53,0,90,5.9,0,,32,10.8,30.7,,74,73,420,55,55,,72,68,470,71,51,,69,72,470,62,61,,1.13,,,,,,,,803228.2,544485,330,344,1332,2135,12.699999999953434,,,,,5,941,-57,310,2296,96,79,15
16/01/2026 01:00:00,,17.1,49.9,64.4,9.3,9.3,74.1,11.1,66,14,90,5.9,0,,28.4,11,48.4,,74,72,400,51,58,,71,67,400,56,54,,68,70,400,50,60,,1.06,,,,,,,,803239.8,544485,335,356,1332,2135,11.600000000093132,,,,,5.1,941,-51,311,2284,96,73,15
16/01/2026 02:00:00,,16.9,49.5,65.3,9,8.4,73.1,11,71,3,90,6.8,0,,30.1,11.4,31.4,,74,72,410,52,59,,72,68,450,65,58,,69,71,450,58,67,,1.1,,,,,,,,803250.3,544485,339,366,1332,2135,10.5,,,,,5.7,940,-59,312,2304,95,85,15
16/01/2026 03:00:00,,17.2,49.5,65.6,8.8,7.8,74.4,11.2,65,3,90,6,0,,27.6,11,39.6,,73,71,410,53,54,,72,67,450,66,49,,69,70,450,59,54,,1.06,,6,687,99.1,20.4,22,,803262.4,54485,343,378,1332,2135,12.099999999976717,,,,,5.4,937,-61,312,2313,94,81,15
16/01/2026 04:00:00,,16.6,49.6,65.4,8.8,8.4,72.1,10.8,52,3,90,6.8,0,,28.9,10.8,49.9,,73,71,400,51,52,,72,67,450,67,53,,69,70,450,59,57,,1.07,,,,,,,,803274.5,54485,347,391,1332,2135,12.099999999976717,,,,,6.1,943,-78,311,2275,96,84,15
16/01/2026 05:00:00,,17.3,49.1,66.8,8.4,7.6,75.1,11.3,64,16,90,7.4,0,,37.9,10.8,50.4,,73,71,400,53,58,,72,67,440,65,57,,69,71,440,59,63,,1.05,,,,,,,,803286.3,54485,354,404,1332,2135,11.800000000046566,,,,,5.4,941,-56,314,2298,95,90,15
16/01/2026 06:00:00,,17.6,48.8,66.5,8.9,9.2,76.2,11.4,68,14,90,7.2,0,,30,10.5,24,,74,72,400,51,54,,72,68,430,61,52,,69,71,430,55,60,,1.1,,,,,,,,803298.3,544485,362,386,1332,2135,12,138.70000000006985,287,79,,4.9,937,-30,313,2300,94,89,15
16/01/2026 07:00:00,,17.6,48.9,66,8.8,8.5,76.4,11.4,64,14,90,6.8,0,,18,11.8,21,,73,71,450,62,54,,off,,,,,,68,70,450,59,56,,1.24,,5.9,662,99,15.3,22,,803307.3,544486,362,391,1291,2135,9,,,,,5.2,932,-62,313,2301,94,95,15
16/01/2026 08:00:00,,17.7,48.4,64.9,9.2,7.4,76.8,11.5,70,21,90,6.1,0,,17,10.9,22,,73,71,450,61,55,,off,,,,,,69,70,450,58,59,,1.13,,,,,,,,803315.8,544489,363,391,1291,2135,8.5,,,,,4.9,938,-55,313,2306,96,93,15
16/01/2026 09:00:00,,17.9,48.3,65.6,8.5,8.1,77.4,11.6,68,23,90,6.7,0,,1,11,21,,73,70,450,63,32,,off,,,,,,off,,,,,,1.08,,,,,,,,803324.4,544500,361,391,1272,2135,8.599999999976717,,,,,5.3,933,-64,313,2294,92,90,15
16/01/2026 10:00:00,,18.1,49.4,66.2,9,7.5,78.4,11.7,73,23,90,6.5,0,,1,11,21,,73,70,450,60,52,,off,,,,,,off,,,,,,1.1,,,,,,,,803329.6,544507,362,391,1273,2135,5.199999999953434,,,,,5.3,947,-61,314,2299,95,88,15
16/01/2026 11:00:00,,17.7,49.7,67.1,9.1,7,76.6,11.5,66,23,90,7.5,0,,5,11.6,20,,73,70,450,60,61,,off,,,,,,off,,,,,,1.09,,6.1,680,97.6,18.1,15,,803333.8,544507,360,391,1276,2135,4.200000000069849,,,,,5.4,932,-71,312,2282,96,92,15
16/01/2026 12:00:00,,17.5,50.1,67.1,8.4,7.2,76,11.4,76,23,90,8.2,0,,7,11,23,,73,70,450,61,90,,67,65,450,56,100,,off,,,,,,1.21,,,,98.4,,21,,803338.1,544507,359,391,1270,2135,4.299999999930151,,,,,5,944,-61,311,2277,96,87,15
16/01/2026 13:00:00,,C/B,,,,,,,68,23,90,8.1,0,,12,10,23,,73,70,450,64,65,,72,68,450,65,62,,off,,,,,,1.21,,,,,,,,803345.8,544507,360,391,1250,2135,7.700000000069849,,,,,5.6,937,-70,312,2288,95,85,15
16/01/2026 14:00:00,,17.6,48.3,66.8,8.7,6.3,76,11.4,68,23,90,8,0,,14,11.1,23,,off,,,,,,73,69,450,61,63,,69,75,450,51,73,,1.2,,,,,,,,803354.4,544508,360,391,1216,2135,8.599999999976717,,,,,4.6,940,-63,313,2324,96,86,15
16/01/2026 15:00:00,,17.8,49,65.8,9,8.2,77.3,11.6,65,23,90,8.2,0,,28,10.6,23,,71,67,350,43,47,,72,68,450,64,51,,70,73,450,56,59,,1.11,,6.1,662,98.9,17.8,24,,803363.2,544514,362,391,1217,2135,8.79999999993015,,,,,5.2,936,-68,311,2281,96,82,15
16/01/2026 16:00:00,,17.7,48.8,65.2,9.7,6.6,76.7,11.5,68,23,90,8,0,,71,11,23,,75,73,400,51,49,,74,70,450,59,58,,72,76,450,55,66,,1.06,,,,,,,,803375,544514,362,391,1199,2135,11.800000000046566,,,,,4.9,936,-64,310,2281,96,77,15
16/01/2026 17:00:00,,17.2,48.4,65,8.8,6.6,74.4,11.1,76,23,90,7.5,0,,30,10.5,24,,73,72,400,52,55,,73,68,450,63,56,,70,73,450,57,62,,1.11,,,,,,,,803387.1,544517,362,391,1190,2135,12.099999999976717,,,,,5,940,-57,310,2275,96,74,15
16/01/2026 18:00:00,,,,,,,,,,,,,,,,,,,,,,,,,,,,,,,,,,,,,,,,,,,,,803399.3,544520,,,,,12.20000000006985,101,,,,,,,,,,,
16/01/2026 19:00:00,,CB,,,,,,,80,23,90,8.5,0,,53,10.7,26,,74,72,400,53,54,,73,69,450,62,54,,70,73,450,58,59,,1.1,,5.8,671,98.8,18.1,23,,803411.6,544526,362,391,1190,2135,12.29999999993015,,,,,4.5,941,-50,312,2251,96,77,15
16/01/2026 20:00:00,,CB,,,,,,,76,23,90,8.4,0,,45,10.4,23,,73,72,400,53,50,,73,69,460,65,53,,70,73,450,58,58,,1.09,,,,,,,,803424.3,544533,362,391,1192,2135,12.70000000006985,,,,,4.8,932,-57,314,2309,93,84,15
16/01/2026 21:00:00,,17.5,47.6,66.8,7.1,6.8,76,11.4,66,20,90,8.4,0,,39,10.6,24,,73,72,400,50,57,,72,69,470,69,58,,70,72,470,61,67,,1.11,,,,,,,,803437.4,544543,362,391,1194,2135,13.099999999976717,,,,,5.6,963,-59,312,2283,96,77,15
16/01/2026 22:00:00,,19.6,46.7,68.8,7.7,,84.9,12.7,62,20,92,8.7,0,,45,,29,,73,72,400,50,57,,72,69,470,67,60,,70,73,470,61,62,,1.1,,,,,,,,803450.3,544551,362,391,1200,2135,12.900000000023283,,,,,5.6,928,-66,312,2293,92,90,15
16/01/2026 23:00:00,,20.4,46.7,67,9.4,9.2,88.3,13.2,75,17,94,8.8,0,,94.3,10.9,29.2,,74,73,400,51,54,,73,69,470,66,58,,71,74,470,61,62,,1.1,,6.2,669,99,19.5,23,,803463,544560,362,391,1209,2135,12.699999999953434,,,,,4.2,946,-61,313,2296,96,88,15
17/01/2026 00:00:00,,19.2,48.6,67.1,8.1,6.9,83.3,12.5,71,17,94,9,0,,100,10.7,32,,74,73,400,51,50,,73,69,470,68,54,,71,73,470,62,58,,1.1,,,,,,,,803475.8,544567,362,391,1215,2135,12.800000000046566,,,,,5.2,933,-67,312,2299,95,91,15
17/01/2026 01:00:00,,19.8,48.5,67.1,8.5,6.6,85.6,12.8,78,17,94,8.8,0,,100,9.8,28,,74,73,400,50,54,,73,69,470,63,59,,71,74,470,60,60,,1.1,,,,,,,,803488.1,544574,363,391,1218,2135,12.29999999993015,,,,,5.3,934,-51,315,2306,92,88,15
17/01/2026 02:00:00,,20.2,48.7,67.7,9,13.1,87.6,13.1,75,16,94,8.7,0,,100,10.4,28.6,,74,73,400,50,52,,73,70,470,64,56,,71,73,470,60,61,,1.11,,,,,,,,803500.8,544584,363,391,1220,2135,12.70000000006985,,,,,5.2,942,-61,314,2291,94,84,15
17/01/2026 03:00:00,,20.5,49,67.1,9.5,8.2,88.7,13.3,83,11,94,8.1,0,,100,10.2,29.7,,74,73,410,54,54,,72,69,470,67,59,,70,72,470,62,64,,1.12,,6.2,680,98.7,21.1,23,,803513.6,544590,363,391,1232,2135,12.79999999993015,,,,,4.6,949,-52,313,2281,96,81,15
17/01/2026 04:00:00,,20.4,49.5,67.1,9.8,12,88.5,13.3,73,11,94,8,0,,100,10.9,36.6,,73,72,400,53,52,,72,68,430,59,55,,70,71,430,57,55,,1.14,,,,,,,,803525.7,544596,363,391,1238,2135,12.099999999976717,,,,,4.6,930,-51,314,2297,93,83,15
17/01/2026 05:00:00,,,,,,,,,,,,,,,,,,,,,,,,,,,,,,,,,,,,,,,,,,,,,803537.6,544605,365,391,1244,2135,11.900000000023283,,,,,4.8,952,-52,313,2302,96,78,15
17/01/2026 06:00:00,,19.2,49,65.1,8.4,12.4,83.1,12.5,67,11,94,7.3,0,,100,11.5,41,,73,72,400,53,51,,73,68,420,59,52,,69,70,420,56,57,,1.16,,,,,,,,803549.4,544609,365,391,1244,2135,11.800000000046566,150.09999999997672,251.09999999997672,124,,5.5,937,-66,311,2282,96,79,15
17/01/2026 07:00:00,,18.7,48.3,66.5,8.8,8.3,81,12.2,81,11,90,7.8,0,,25,11.3,52,,72,70,400,52,131,,69,63,450,61,141,,65,67,450,58,141,,1.13,,5.9,654,98.4,18,22,,803555.8,544609,363,391,1251,2135,6.400000000023283,,,,,5.1,936,-62,313,2319,96,79,15
17/01/2026 08:00:00,,18.7,48.1,65.4,9.1,8.6,81.2,12.2,79,11,90,7.6,0,,35,10.9,45,,73,71,400,51,59,,73,68,450,65,57,,68,71,450,60,60,,1.09,,,,,,,,803564.5,544614,363,391,1254,2135,8.699999999953434,,,,,4.9,955,-48,313,2307,96,67,15
17/01/2026 09:00:00,,18.6,47.9,64.1,9.9,8.5,80.5,12.1,65,0,90,7.3,0,,40,11.1,43,,74,72,400,51,50,,73,68,410,55,50,,69,71,410,52,54,,1.12,,,,,,,,803576.3,544621,363,391,1254,2135,11.800000000046566,,,,,4.3,931,-50,314,2315,91,72,15
17/01/2026 10:00:00,,17,49.3,64.8,8.6,6.6,73.8,11.1,80,0,90,7.7,0,,40,11,33,,73,72,400,52,51,,72,68,400,54,51,,69,71,400,51,51,,1.13,,,,,,,,803587.3,544629,363,391,1258,2135,11,,,,,4.7,949,-56,312,2304,96,71,15
17/01/2026 11:00:00,,17.7,48.6,65.4,8.8,7.5,76.7,11.5,78,0,90,8.7,0,,71,10.8,33,,74,73,400,48,55,,73,68,430,55,56,,69,72,430,52,60,,1.12,,4,669,98.7,17.7,22,,803598.5,544633,363,391,1266,2135,11.199999999953434,,,,,4.8,944,-61,313,2294,94,73,15
17/01/2026 12:00:00,,17.7,47.6,65.6,8.6,9.2,76.7,11.5,75,0,90,8.9,0,,43,11.5,33,,74,73,400,53,49,,73,68,440,63,50,,69,72,440,59,53,,1.15,,,,,,,,803610.8,544638,362,391,1274,2135,12.300000000046566,,,,,5,939,-48,314,2308,95,70,15
17/01/2026 13:00:00,,18.3,46.8,65.6,8.3,7,79.4,11.9,74,0,90,8.9,0,,52,11.4,37,,74,72,400,54,51,,73,68,440,63,52,,69,72,430,58,53,,1.24,,,,,,,,803622.8,544646,363,391,1279,2135,12,,,,,4.3,943,-63,313,2307,94,69,15
17/01/2026 14:00:00,,18.7,46.4,65.6,8.6,9.1,81.2,12.2,80,0,90,8.9,0,,42,11.5,36,,74,72,400,54,52,,73,68,440,65,50,,69,72,430,59,53,,1.15,,,,,,,,803634.9,544653,364,391,1285,2135,12.099999999976717,,,,,5.8,937,-76,312,2307,96,64,15
17/01/2026 15:00:00,,19.4,46.7,65.4,8.7,6,84.2,12.6,64,0,90,9.4,0,,45,11,29,,74,73,400,54,48,,73,68,430,62,49,,69,73,430,59,53,,1.2,,6.1,670,98.7,19.2,23,,803647.1,544655,364,391,1297,2135,12.199999999953434,,,,,5.7,944,-64,313,2313,96,66,15
17/01/2026 16:00:00,,19.4,46.4,64.9,9.1,9.2,84.2,12.6,83,0,90,9.2,0,,59,11.2,31,,74,72,400,54,53,,73,68,430,62,51,,69,72,430,58,58,,1.14,,,,,,,,803659.2,544660,364,391,1304,2135,12.099999999976717,,,,,5.3,938,-41,314,2322,95,65,15
17/01/2026 17:00:00,,19.8,46.4,64.8,9.1,9.1,85.8,12.9,81,0,90,8,0,,87,11.2,33,,74,73,400,53,58,,73,68,430,62,61,,70,73,430,57,62,,1.15,,,,,,,,803671.1,544663,366,391,1307,2135,11.900000000023283,,,,,5.4,942,-64,313,2325,95,62,15
17/01/2026 18:00:00,,,,,,,,,,,,,,,,,,,,,,,,,,,,,,,,,,,,,,,,,,,,,803683.3,544668,,,,,12.20000000006985,133.90000000002328,,,,,,,,,,,
17/01/2026 19:00:00,,C/B,,,,,,,65,0,90,6.8,0,,100,11.2,40,,74,73,400,53,58,,73,68,450,65,56,,70,74,450,60,62,,1.12,,5.1,668,98.8,19.9,23,,803696.5,544677,367,391,1325,2135,13.199999999953434,,,,,5.4,945,-61,313,2268,96,60,15
17/01/2026 20:00:00,,C/B,,,,,,,43,0,90,8.2,0,,92,10.9,37,,74,72,400,53,52,,73,69,470,70,52,,70,74,470,64,57,,1.16,,,,,,,,803709.6,544682,367,391,1331,2135,13.099999999976717,,,,,4.9,939,-62,312,2311,93,68,15
17/01/2026 21:00:00,,18.9,47.8,66.3,9.2,8.6,81.8,12.3,43,0,90,8.5,0,,48,10.2,77,,74,73,410,55,52,,73,69,470,69,53,,70,74,470,63,61,,1.13,,,,,,,,803723,544688,364,391,1339,2135,13.400000000023283,,,,,4.9,934,-67,314,2275,94,68,15
17/01/2026 22:00:00,,18,49,67,9,8.9,78,11.7,56,0,90,8.2,0,,68,10.2,30,,74,73,420,56,55,,73,69,470,69,51,,70,74,470,63,56,,1.13,,,,,,,,803736.3,544695,365,391,1349,2135,13.300000000046566,,,,,4.8,946,-50,313,2299,95,67,15
17/01/2026 23:00:00,,18.6,48.7,67.3,8.5,7.4,80.5,12.1,53,0,90,8.2,0,,53,10,31,,74,72,430,58,53,,73,68,470,70,52,,70,73,470,65,57,,1.14,,6.5,668,98.5,21.1,23,,803750,544695,365,391,1363,2135,13.699999999953434,,,,,4.6,930,-61,313,2320,93,78,15
18/01/2026 00:00:00,,19,48.1,68.4,8.5,9.8,83.1,12.5,60,0,90,8.6,0,,94,10,40,,73,72,400,52,52,,73,69,470,71,53,,70,74,470,65,58,,1.2,,,,,,,,803763.1,544701,364,391,1368,2135,13.099999999976717,,,,,4.4,934,-49,314,2301,95,82,15
18/01/2026 01:00:00,,19.8,47.2,68.4,8.2,10.5,85.8,12.9,69,0,90,8.8,0,,96,10.7,43,,74,73,400,51,53,,73,70,470,67,52,,70,75,470,63,55,,1.13,,,,,,,,803776.1,544706,364,391,1376,2135,13,,,,,4.9,943,-49,314,2306,96,74,15
18/01/2026 02:00:00,,19,47.5,67.9,8.2,9.8,82.5,12.4,76,0,90,8.8,0,,99,10.5,35,,74,73,400,51,54,,73,70,470,67,55,,70,75,470,64,57,,1.13,,,,,,,,803789.1,544715,364,391,1380,2135,13,,,,,5.3,939,-58,313,2300,94,75,15
18/01/2026 03:00:00,,19.1,47.7,68.8,8.8,7.1,82.7,12.4,84,0,90,9,0,,74,11.5,36,,74,72,400,52,55,,73,69,470,72,55,,70,74,470,66,59,,1.15,,7,675,98.9,18.7,23,,803802.1,544719,364,391,1391,2135,13,,,,,5.6,947,-71,312,2270,95,74,15
18/01/2026 04:00:00,,19.2,46.6,68.3,8.7,6.9,83.1,12.5,83.1,0,90,9,0,,54,10.6,41,,74,73,400,50,58,,73,69,470,66,59,,70,74,470,61,64,,1.18,,,,,,,,803814.7,544719,363,391,1403,2135,12.599999999976717,,,,,5.3,946,-60,313,2273,95,65,15
18/01/2026 05:00:00,,19.7,46.5,67.7,8.4,7.2,85.6,12.8,75,0,90,8.3,0,,91,9.6,59,,74,73,400,50,56,,74,70,470,56,54,,71,77,470,54,59,,1.15,,,,,,,,803827.2,544721,365,391,1403,2135,12.5,,,,,5.4,932,-66,312,2284,94,79,15
18/01/2026 06:00:00,,,,,,,,,,,,,,,,,,,,,,,,,,,,,,,,,,,,,,,,,,,,,803840.2,,,,,,13,156.89999999990687,290.79999999993015,-544609,,,,,,,,,
18/01/2026 07:00:00,,,,,9.2,8.9,,,,0,90,7.8,0,,34.9,11.3,44.3,,75,73,400,48,59,,74,70,470,65,58,,70,755,470,61,62,,1.15,,5.9,677,99,20.9,24,,803852.7,544736,365,391,1428,2135,12.5,,,,,5.2,950,-61,312,2294,94,76,15
18/01/2026 08:00:00,,19.7,47.2,66.8,8.7,7.9,85.4,12.8,69,0,90,8.1,0,,76.1,9.4,34.5,,75,73,400,50,50,,74,70,470,65,56,,71,75,470,61,59,,1.15,,,,,,,,803865.2,544736,364,391,1443,2135,12.5,,,,,5.5,938,-68,311,2389,96,69,15
18/01/2026 09:00:00,,19.5,48,66.6,9.9,8.9,84.3,12.7,74,0,90,8.4,0,,41.6,9.9,37.7,,74,73,400,49,51,,73,69,470,65,53,,70,74,470,61,55,,1.14,,,,,,,,803877.3,544736,364,391,1458,2135,12.100000000093132,,,,,5.3,935,-58,314,2306,94,74,15
18/01/2026 10:00:00,,19.2,48.5,68.3,8.9,8.4,83,12.5,76,0,90,8.5,0,,42.4,10.4,77.1,,74,73,400,50,57,,73,69,470,65,61,,71,75,470,61,66,,1.15,,,,,,,,803889.9,544736,363,391,1466,2135,12.599999999976717,,,,,4.5,936,-56,313,2292,96,74,15
18/01/2026 11:00:00,,19.4,48.7,68.7,8.5,8.9,84,12.6,82,0,90,8.7,0,,79.8,10.3,27.8,,75,73,420,53,59,,73,69,470,66,57,,70,75,470,60,62,,1.16,,5.1,679,98.9,21.1,23,,803902.6,544736,363,391,1480,2135,12.699999999953434,,,,,4.9,955,-52,312,2298,96,70,15
18/01/2026 12:00:00,,19.6,48.5,67.8,8.6,7.9,85.2,12.8,78,0,90,9.6,0,,86.5,10.3,28,,75,73,420,54,53,,73,69,470,66,54,,71,75,470,61,60,,1.16,,,,,,,,803915.5,544736,363,391,1492,2135,12.900000000023283,,,,,5,925,-62,315,2311,93,79,15
18/01/2026 13:00:00,,20.1,47.6,68.6,9.2,11.1,86.9,13.1,83,0,90,8.1,0,,66.1,10.4,29.5,,75,74,420,54,52,,73,69,470,66,54,,71,75,470,61,58,,1.15,,,,,,,,803928.6,544736,363,391,1507,2135,13.099999999976717,,,,,5.1,936,-67,313,2304,96,72,15
18/01/2026 14:00:00,,19.1,47.5,65.6,8.3,8.5,82.9,12.4,84,0,90,8.1,0,,83.2,10.6,28.1,,75,73,420,54,57,,73,69,470,66,55,,70,75,470,61,61,,1.16,,,,,,,,803941.4,544736,363,391,1519,2135,12.800000000046566,,,,,5.3,934,-67,312,2288,96,82,15
18/01/2026 15:00:00,,CB,,,,,,,79,0,90,7.9,0,,51.9,10.2,45.5,,74,73,400,50,54,,73,69,470,65,57,,71,75,470,62,60,,1.15,,5.2,682,98.7,21.6,24,,803954.4,544736,365,391,1535,2135,13,,,,,4.3,951,-49,312,2280,93,74,15
18/01/2026 16:00:00,,CB,,,,,,,71,0,90,7.9,0,,39.2,10.4,31.1,,74,73,400,49,57,,73,69,470,64,61,,70,74,470,62,62,,1.16,,,,,,,,803967.1,544736,365,391,1543,2135,12.699999999953434,,,,,5,936,-58,313,2287,96,78,15
18/01/2026 17:00:00,,18.2,48.9,66.2,9.5,,78,11.7,51,0,85,7.3,0,,42.8,,31,,75,73,420,54,56,,73,69,470,64,57,,70,74,470,60,62,,1.17,,,,,,,,803979.9,544736,365,391,1543,2135,12.800000000046566,,,,,4.3,933,-56,314,2290,96,83,15
18/01/2026 18:00:00,,17.7,48.2,67.8,9.3,7.4,76.5,11.5,71,0,85,8.1,0,,38,10.4,32,,75,74,420,54,52,,74,70,460,61,55,,71,74,460,58,57,,1.15,,,,,,,,803992.8,544736,365,391,1554,2135,12.900000000023283,152.60000000009313,,,,4.4,935,-44,314,2289,95,85,15
18/01/2026 19:00:00,,17.6,48.9,67.9,8.9,8.9,76.4,11.5,77,0,85,7.7,0,,44,11,32,,75,73,420,55,53,,73,70,470,67,55,,70,74,470,62,60,,1.21,,6.1,672,99.1,20.3,24,,804005.6,544736,367,391,1569,2135,12.79999999993015,,,,,5.2,931,-67,312,2311,96,83,15
18/01/2026 20:00:00,,17.6,48.4,67,9.1,8.4,76.3,11.4,73,0,85,7.7,0,,33,10.7,32,,75,73,410,52,53,,74,70,460,62,55,,71,75,460,60,56,,1.16,,,,,,,,804018.4,544741,367,391,1576,2135,12.800000000046566,,,,,4.7,942,-55,313,2277,96,80,15
18/01/2026 21:00:00,,17.7,48.4,67.4,8.6,6.6,76.8,11.5,78,0,85,6.8,0,,32,10.1,27,,75,73,410,52,57,,73,70,450,60,59,,70,74,450,58,59,,1.16,,,,,,,,804030.8,544750,367,391,1582,2135,12.400000000023283,,,,,5.2,930,-61,313,2283,95,83,15
18/01/2026 22:00:00,,17.9,47.8,65.6,8.6,7.1,77.4,11.6,61,0,85,7.6,0,,27,10.1,28,,75,74,410,52,51,,73,70,450,59,55,,70,75,450,57,57,,1.26,,,,,,,,804042.9,544756,365,391,1589,2135,12.099999999976717,,,,,5.1,942,-46,314,2291,95,80,15
18/01/2026 23:00:00,,18.5,47.1,67.1,8.4,6.7,80.2,12,80,0,85,7.6,0,,32,10.1,28,,75,73,410,51,54,,74,70,460,62,54,,70,74,460,58,59,,1.16,,6.2,678,99,20.6,24,,804055.3,544760,365,391,1599,2135,12.400000000023283,,,,,5.4,925,-72,313,2293,96,90,15
19/01/2026 00:00:00,,19.4,46,69.1,8,6,84.3,12.6,74,0,85,8.3,0,,28,9.5,28,,76,74,410,48,54,,74,70,470,60,57,,71,76,470,58,57,,1.16,,,,,,,,804067.6,544763,364,391,1609,2135,12.29999999993015,,,,,5.1,938,-56,314,2279,93,83,15
19/01/2026 01:00:00,,20.7,46.3,68.6,8.8,7.8,89.5,13.4,79,16,85,7.7,0,,36,10.7,27,,76,74,450,58,58,,74,70,470,65,54,,70,74,470,60,60,,1.17,,,,,,,,804080.6,544777,365,391,1609,2135,13,,,,,5.4,937,-64,313,2291,91,82,15
19/01/2026 02:00:00,,20.6,46.5,68,9.5,9.2,89.3,13.4,72,16,85,7.6,0,,47,10.1,27,,70,74,420,55,53,,74,70,460,63,54,,70,74,460,60,61,,1.15,,,,,,,,804093.6,544782,367,391,1614,2135,13,,,,,5.2,947,-63,313,2291,92,77,15
19/01/2026 03:00:00,,C/B,,,,,,,52,16,85,7.7,0,,25,10.4,25,,75,73,420,52,57,,73,70,460,61,56,,70,74,460,58,57,,1.17,,6.3,685,99,20.7,24,,804106.5,544782,373,391,1614,2135,12.900000000023283,,,,,5.5,940,-63,313,2279,94,81,15
19/01/2026 04:00:00,,20.5,46.5,68,9.1,8.5,89,13.4,43,16,85,7.3,0,,42,10.8,29,,75,73,410,52,61,,73,70,460,61,62,,71,74,460,59,66,,1.17,,,,,,,,804118.9,544782,378,391,1614,2135,12.400000000023283,,,,,5.7,928,-87,312,2278,96,89,15
19/01/2026 05:00:00,,20.6,45.8,67.9,8.6,9.2,89.2,13.4,50,16,85,7.3,0,,28,10.4,44,,75,73,410,51,64,,73,70,450,62,64,,70,74,450,58,66,,1.17,,,,,,,,804131.5,544787,379,391,1614,2135,12.599999999976717,,,,,5,941,-65,314,2286,95,76,15
19/01/2026 06:00:00,,,,,,,,,,,,,,,,,,,,,,,,,,,,,,,,,,,,,,,,,,,,,804143.7,544795,,391,,2135,12.199999999953434,150.89999999990687,303.5,544795,,,,,,,,,
19/01/2026 07:00:00,,20.9,46.2,67.6,8.7,9.9,90.5,13.6,40,16,85,7.8,0,,36.1,10.3,28.1,,74,73,420,55,53,,73,70,470,65,57,,70,74,470,61,61,,1.16,,5.2,673,99,21.7,24,,804156.8,544805,387,436,1586,2135,13.100000000093132,,,,,5.2,941,-60,313,2285,95,73,15
19/01/2026 08:00:00,,,,,8.8,9.4,,,,,,,,,32,10.2,32,,,,,,,,,,,,,,,,,,,,,,,,,,,,804169.8,,,,,,13,,,,,,,,,,,,
19/01/2026 09:00:00,,20.4,46.6,67.5,9.1,11.3,88.3,13.2,48,16,85,7.8,0,,29,10.3,26,,75,73,450,59,58,,73,69,450,59,58,,70,73,450,57,61,,,,,,,,,,804181.7,544807,399,466,1573,2135,11.899999999906868,,,,,5.3,947,-66,312,2267,95,72,15
19/01/2026 10:00:00,,19.9,46.2,66.7,9.3,11.5,86.3,12.9,45,16,85,8.2,0,,28,9.9,30,,75,74,450,58,56,,73,70,450,60,55,,70,74,450,57,58,,,,,,,,,,804194.5,544807,408,480,1573,2135,12.800000000046566,,,,,5.3,931,-60,314,2301,94,76,15
19/01/2026 11:00:00,,20.1,45.7,68,8.6,9.7,87,13,49,16,85,8.4,0,,29,10.4,30,,75,73,450,60,56,,73,69,450,61,56,,70,73,450,58,58,,1.17,,6,672,99,20.2,24,,804207.5,544807,416,491,1573,2135,13,,,,,5.1,940,-67,313,2283,96,72,15
19/01/2026 12:00:00,,19.9,46.6,71,8.7,6.4,86,12.9,48,16,85,8.1,0,,25,10.2,36,,75,73,420,54,53,,73,69,420,55,54,,70,73,420,54,56,,1.28,,,,,,,,804219.5,544807,424,504,1530,2135,12,,,,,5.2,944,-69,313,2257,94,67,15
19/01/2026 13:00:00,,19.7,46.2,70,9.3,8.2,85.5,12.8,62,88,85,8.8,0,,19,10.7,37,,75,73,400,50,62,,72,68,400,52,60,,70,73,400,50,58,,1.29,,,,,,,,804231.1,544807,430,515,1473,2135,11.599999999976717,,,,,5.2,941,-64,313,2276,95,74,15
19/01/2026 14:00:00,,20,46.7,71,8.8,9.4,86.8,13,73,88,85,8.9,0,,26,10.6,33,,75,73,450,56,55,,73,69,450,57,56,,70,73,450,56,60,,1.28,,,,,,,,804242.5,544807,436,524,1460,2135,11.400000000023283,,,,,5.3,942,-69,313,2261,95,70,15
19/01/2026 15:00:00,,CB,,,,,,,82,88,85,9.6,0,,23,10.3,33,,75,73,400,52,48,,73,69,400,52,45,,70,73,400,51,46,,1.28,,5.5,666,98.9,22.7,24,,804255,544807,444,537,1418,2135,12.5,,,,,5.5,932,-76,314,2240,92,78,15
19/01/2026 16:00:00,,CB,,,,,,,79,100,85,8.7,0,,33,11,40,,75,74,450,61,58,,73,69,450,65,55,,70,73,450,61,58,,1.3,,,,,,,,804266.7,544807,450,548,1358,2135,11.699999999953434,,,,,5,941,-56,314,2224,91,77,18.5
19/01/2026 17:00:00,,CB,,,,,,,58,100,85,7.9,0,,42,10,35,,75,73,420,51,55,,73,69,420,51,55,,70,73,420,50,56,,1.19,,,,,,,,804278.6,544809,451,559,1344,2135,11.900000000023283,,,,,5.7,934,-70,312,2266,94,89,15
19/01/2026 18:00:00,,20.2,46.6,70.1,8.8,7.2,87.7,13.1,51,100,85,7.5,0,,42,11.1,35,,75,74,420,54,57,,73,69,450,62,55,,70,74,450,59,57,,1.24,,,,,,,,804290.8,544811,458,562,1344,2135,12.20000000006985,147.10000000009313,,,,4.8,936,-51,315,2300,92,90,15
19/01/2026 19:00:00,,21,44.8,71.4,7.4,8.6,91,13.6,48,100,85,7.7,0,,52,10.7,34,,75,73,420,53,53,,73,69,450,61,54,,70,74,450,59,57,,1.19,,5.2,686,99.1,19.1,24,,804303.3,544811,461,569,1315,2135,12.5,,,,,4.6,936,-47,315,2279,92,84,15
19/01/2026 20:00:00,,21.4,46.3,71.4,9,8.7,92.6,13.9,60,100,85,8,0,,39,10.1,102,,74,73,410,53,54,,73,69,450,62,57,,70,74,450,58,60,,1.18,,,,,,,,804315.8,544819,463,575,1315,2135,12.5,,,,,5.9,946,-65,312,2276,92,76,15
19/01/2026 21:00:00,,21.3,45.5,71.4,8.4,6.2,92.3,13.8,43,100,85,7.9,0,,38,10.4,54,,74,73,410,52,62,,73,69,460,64,65,,70,74,460,60,67,,1.17,,,,,,,,804328.6,544829,463,578,1315,2135,12.79999999993015,,,,,5.6,947,-60,313,2276,92,70,15
19/01/2026 22:00:00,,21.7,44.9,70.8,8.9,10.7,94.1,14.1,61,100,85,8,0,,42,10.1,41,,75,73,410,53,57,,73,70,450,62,55,,70,74,450,59,59,,1.2,,,,,,,,804341.1,544841,463,578,1318,2135,12.5,,,,,4.7,933,-58,313,2280,93,80,15
19/01/2026 23:00:00,,20.4,46.3,69.6,9.6,7.8,88.6,13.3,46,100,85,8.8,0,,39,10.5,59,,75,73,410,54,52,,73,69,450,62,56,,70,74,450,59,57,,1.19,,6.4,681,98.8,19.7,23,,804353.6,544846,463,578,1327,2135,12.5,,,,,4.6,943,-50,313,2280,95,85,15
20/01/2026 00:00:00,,20.4,45.9,69,9.1,10.2,88.5,13.3,66,100,85,9.3,0,,35,10.5,27,,75,73,410,52,53,,74,70,450,60,56,,71,74,440,56,56,,1.2,,,,,,,,804365.9,544851,462,578,1335,2135,12.300000000046566,,,,,5.2,939,-62,313,2278,93,69,15
20/01/2026 01:00:00,,19.8,46.7,69.1,10,9.4,85.9,12.9,60,100,85,9.6,0,,54,10.5,30,,75,74,420,56,57,,74,70,460,63,59,,71,75,460,60,61,,1.19,,,,,,,,804378.4,544862,462,578,1338,2135,12.5,,,,,4.7,939,-50,314,2286,96,73,15
20/01/2026 02:00:00,,19.2,46.6,69.3,9.6,9,83.1,12.4,69,100,85,9.6,0,,56,11,38,,75,74,440,58,58,,74,70,460,64,57,,71,75,460,60,61,,1.22,,,,,,,,804391.3,544865,463,578,1339,2135,12.900000000023283,,,,,5.3,943,-71,312,2269,96,77,15
20/01/2026 03:00:00,,18.7,47.5,68.1,9.4,7.4,81.1,12.2,52,100,85,8.7,0,,66,10.6,39,,75,74,410,53,55,,74,70,450,63,53,,71,75,450,60,55,,1.28,,6.4,651,99.1,20.3,24,,804403.8,544872,463,578,1347,2135,12.5,,,,,5,941,-57,314,2295,96,77,15
20/01/2026 04:00:00,,18.5,47.2,69.1,9.2,6.6,80,12,71,100,85,8.4,0,,64,10.6,41,,75,73,410,54,56,,74,70,440,61,56,,70,74,440,58,59,,1.19,,,,,,,,804416,544872,464,578,1358,2135,12.199999999953434,,,,,5.5,938,-39,313,2283,94,76,15
20/01/2026 05:00:00,,18.5,48.2,67.6,9.4,9.1,79.9,12,68,100,85,8.3,0,,74,11.2,32,,75,74,410,54,53,,73,69,440,60,53,,70,74,440,57,56,,1.19,,,,,,,,804428.1,544886,464,578,1363,2135,12.099999999976717,,,,,4.9,931,-62,314,2294,96,76,15
20/01/2026 06:00:00,,,,,,,,,,,,,,,,,,,,,,,,,,,,,,,,,,,,,,,,,,,,,804440.6,544888,465,578,1366,2135,12.5,149.79999999993015,296.9000000000233,93,,,,,,,,,
20/01/2026 07:00:00,,18.4,46.3,67.1,8.4,8.2,79.7,12,79,100,85,8.5,0,,67.9,11.1,30.6,,74,73,420,56,55,,73,69,460,67,55,,70,73,460,62,57,,1.19,,6.1,669,99.1,22,23,,804453.6,544894,465,578,1345,2135,13,,,,,5.6,936,-64,313,2285,95,76,15
20/01/2026 08:00:00,,18.8,46.3,67.7,8.1,7.8,81.5,12.2,76,100,85,9.3,0,,58.7,11,29.4,,74,73,420,56,61,,73,69,460,66,62,,70,73,460,62,62,,1.2,,,,,,,,804466.8,544903,463,578,1303,2135,13.20000000006985,,,,,5.5,936,-72,313,2283,96,73,15
20/01/2026 09:00:00,,19.7,47.5,69.5,8.5,7.7,85.7,12.9,62,100,85,9.9,0,,51.4,11.3,37.7,,74,73,420,56,55,,73,69,420,58,55,,70,73,420,55,55,,1.3,,,,,,,,804479,544913,463,578,1274,2135,12.199999999953434,,,,,5.3,932,-69,313,2280,96,77,15
20/01/2026 10:00:00,,19.7,48.7,70.8,9,8.4,85.3,12.8,84,100,90,10.1,0,,50.9,11.3,31.4,,74,73,420,55,51,,73,70,450,63,51,,70,73,420,54,54,,1.2,,,,,,,,804491.2,544918,464,578,1245,2135,12.199999999953434,,,,,4.7,943,-53,313,2293,95,76,15
20/01/2026 11:00:00,,,,,,,,,,,,,,,,,,,,,,,,,,,,,,,,,,,,,,,6.4,678,99,21.8,23,,804503.4,544923,464,578,1225,2135,12.20000000006985,,,,,,,,,,,,
20/01/2026 12:00:00,,CB,,,,,,,85,100,90,10.4,0,,51.7,11.6,34.6,,74,73,450,63,65,,73,70,450,64,66,,70,73,450,61,66,,1.32,,,,,,,,804514.3,544928,464,578,1202,2135,10.900000000023283,,,,,4.6,959,-36,314,2258,95,63,15
20/01/2026 13:00:00,,CB,,,,,,,66,30,90,10.6,0,,42.6,11.4,30.8,,75,74,440,58,63,,73,70,450,61,60,,70,74,450,59,64,,1.34,,,,,,,,804527.3,544933,464,578,1181,2135,13,,,,,5.2,943,-67,312,2277,96,67,15
20/01/2026 14:00:00,,18.5,50,66.4,11,10.4,80,12,51,31,90,10.1,0,,41.9,11.1,30.3,,75,74,450,61,56,,73,70,450,63,55,,70,74,450,59,59,,1.23,,,,,,,,804540.2,544939,464,578,1183,2135,12.899999999906868,,,,,4.7,936,-51,314,2324,92,72,15
20/01/2026 15:00:00,,16.8,50.5,69.3,6.4,6.9,7.7,10.9,49,29,85,9.5,0,,87.8,9.4,28.9,,75,74,450,55,54,,74,71,450,55,54,,72,76,450,64,55,,1.16,,6.2,684,99.1,22.7,23,,804553,544947,467,578,1149,2135,12.800000000046566,,,,,5.4,938,-71,314,2310,91,63,15
20/01/2026 16:00:00,,17.1,49.5,68.7,7.8,8.4,73.9,11.1,62,66,85,9.8,0,,40.2,10.9,67.6,,74,73,450,63,56,,73,70,450,63,57,,70,73,450,59,60,,1.21,,,,,,,,804566.1,544957,465,578,1149,2135,13.099999999976717,,,,,5.9,933,-77,313,2280,94,69,15
20/01/2026 17:00:00,,17.8,49,69.4,8.5,7,77.1,11.6,67,80,85,10.1,0,,42.4,10.2,29.9,,74,73,450,62,54,,73,70,450,62,53,,70,73,450,60,56,,1.34,,,,,,,,804579.2,544968,467,578,1149,2135,13.099999999976717,,,,,4.6,938,-51,313,2299,94,67,15
20/01/2026 18:00:00,,,,,,,,,,,,,,,,,,,,,,,,,,,,,,,,,,,,,,,,,,,,,804592.1,544968,,,,,12.900000000023283,151.5,,,,,,,,,,,
20/01/2026 19:00:00,,18.3,49.5,68.6,9.3,9.4,79.2,11.9,55,29,85,10.3,0,,54.5,11.4,28.7,,74,73,450,64,62,,73,70,450,66,58,,70,73,450,62,61,,1.19,,6.1,660,99.1,22.4,24,,804605,544972,465,578,1066,2135,12.900000000023283,,,,,5,944,-62,312,2247,92,59,15
20/01/2026 20:00:00,,18.8,48.1,69.5,7.7,9,81.3,12.2,54,36,85,10.4,0,,43.6,11.1,29.7,,74,73,450,65,54,,73,70,450,66,51,,70,73,450,63,56,,1.21,,,,,,,,804617.9,544976,464,578,1075,2135,12.900000000023283,,,,,4.9,943,-54,312,2262,94,60,15
20/01/2026 21:00:00,,19.4,46.2,66,7.6,8.3,84,12.6,73,88,90,9.4,0,,18.8,11.1,28.1,,Off,,,,,,73,70,470,72,42,,70,73,470,68,42,,0.98,,,,,,,,804631,544976,463,578,1092,2135,13.099999999976717,,,,,4.8,942,-55,313,2319,94,61,15
20/01/2026 22:00:00,,18.9,44.7,66,6.4,8.8,82,12.3,59,30,90,8.9,0,,22.5,11.6,25.6,,Off,,,,,,72,69,470,72,52,,69,72,470,66,55,,1.16,,,,,,,,804640.7,544976,460,578,1106,2135,9.699999999953434,,,,,4.7,935,-52,313,2287,93,65,15
20/01/2026 23:00:00,,20.2,44.2,66.2,9.1,6.3,87.4,13.1,76,69,90,8.7,0,,23.2,11.6,24.1,,Off,,,,,,72,69,470,73,52,,69,72,470,67,56,,1.18,,6.4,669,99.2,16.6,24,,804650.2,544976,459,578,1115,2135,9.5,,,,,5.4,940,-63,313,2314,94,65,15
21/01/2026 00:00:00,,20,43.8,65.8,9.1,8.4,86.9,13,71,31,90,8.5,0,,26.3,11.1,24.6,,Off,,,,,,72,69,470,73,57,,69,72,470,67,64,,1.18,,,,,,,,804659.6,544976,457,578,1120,2135,9.400000000023283,,,,,4.5,938,-56,314,2301,95,68,15
21/01/2026 01:00:00,,,,,,,,,,,,,,,,,,,Off,,,,,,,,,,,,,,,,,,,,,,,,,,804669.1,,,,,2135,9.5,,,,,,,,,,,,
21/01/2026 02:00:00,,20.2,45.1,65.2,9.1,9.9,87.4,13.1,78,31,90,7.7,0,,23.5,11.1,22,,71,68,420,56,143,,70,65,420,60,130,,65,68,420,57,136,,1.18,,,,,,,,804673.1,544982,456,578,1127,2135,4,,,,,5.5,938,-69,313,2293,96,71,15
21/01/2026 03:00:00,,17.9,45.9,65.6,9,6.4,77.7,11.6,75,23,90,7.9,0,,58.1,10.9,23.7,,75,74,450,61,64,,72,68,450,66,59,,69,73,450,62,61,,1.17,,6.2,669,99.1,21.6,23,,804685.2,544984,455,578,1136,2135,12.099999999976717,,,,,5.2,939,-57,314,2280,94,76,15
21/01/2026 04:00:00,,17.9,46.9,65.5,9.5,9.4,77.5,11.6,74,24,90,8.3,0,,100,10.1,21.8,,75,74,450,60,62,,72,69,450,64,58,,70,74,450,60,63,,1.18,,,,,,,,804697.4,544990,455,578,1141,2135,12.20000000006985,,,,,5,942,-54,314,2276,95,70,15
21/01/2026 05:00:00,,17.7,47.3,65.3,9.5,6.9,76.8,11.5,77,33,90,8.3,0,,100,9.8,22.8,,75,75,450,60,60,,73,69,450,64,57,,70,74,450,60,61,,1.17,,,,,,,,804709.9,544994,456,578,1147,2135,12.5,,,,,4.9,943,-60,312,2285,94,69,15
21/01/2026 06:00:00,,,,,,8.2,,,,,,,,,,10.7,,,,,,,,,,,,,,,,,,,,,,,,,,,,,804722.2,544994,456,578,1151,2135,12.29999999993015,130.09999999997672,281.5999999999767,106,,,,,,,,,
21/01/2026 07:00:00,,,,,,,,,,,,,,,,,,,,,,,,,,,,,,,,,,,,,,,,,,,,,804731.3,,,,,,9.100000000093132,,,,,,,,,,,,
21/01/2026 08:00:00,,,,,,,,,,,,,,,,,,,,,,,,,,,,,,,,,,,,,,,,,,,,,804737.7,,,,,,6.399999999906868,,,,,,,,,,,,
21/01/2026 09:00:00,,,,,,,,,,,,,,,,,,,,,,,,,,,,,,,,,,,,,,,,,,,,,804741.8,,,,,,4.100000000093132,,,,,,,,,,,,
21/01/2026 10:00:00,,,,,,,,,,,,,,,,,,,,,,,,,,,,,,,,,,,,,,,,,,,,,804741.8,,,,,,0,,,,,,,,,,,,
21/01/2026 11:00:00,,,,,,,,,,,,,,,,,,,,,,,,,,,,,,,,,,,,,,,,,,,,,804741.8,,,,,,0,,,,,,,,,,,,
21/01/2026 12:00:00,,,,,,,,,,,,,,,,,,,,,,,,,,,,,,,,,,,,,,,,,,,,,804741.8,,,,,,0,,,,,,,,,,,,
21/01/2026 13:00:00,,,,,,,,,,,,,,,,,,,,,,,,,,,,,,,,,,,,,,,,,,,,,804741.8,,,,,,0,,,,,,,,,,,,
21/01/2026 14:00:00,,,,,,,,,,,,,,,,,,,,,,,,,,,,,,,,,,,,,,,,,,,,,804741.8,,,,,,0,,,,,,,,,,,,
21/01/2026 15:00:00,,,,,,,,,,,,,,,,,,,,,,,,,,,,,,,,,,,,,,,,,,,,,804741.8,,,,,,0,,,,,,,,,,,,
21/01/2026 16:00:00,,,,,,,,,,,,,,,,,,,,,,,,,,,,,,,,,,,,,,,,,,,,,804741.8,,,,,,0,,,,,,,,,,,,
21/01/2026 17:00:00,,,,,,,,,,,,,,,,,,,,,,,,,,,,,,,,,,,,,,,,,,,,,804741.8,,,,,,0,,,,,,,,,,,,
21/01/2026 18:00:00,,,,,,,,,,,,,,,,,,,,,,,,,,,,,,,,,,,,,,,,,,,,,804741.8,,,,,,0,19.600000000093132,,,,,,,,,,,
21/01/2026 19:00:00,,,,,,,,,,,,,,,,,,,,,,,,,,,,,,,,,,,,,,,,,,,,,804741.8,,,,,,0,,,,,,,,,,,,
21/01/2026 20:00:00,,,,,,,,,,,,,,,,,,,,,,,,,,,,,,,,,,,,,,,,,,,,,804741.8,,,,,,0,,,,,,,,,,,,
21/01/2026 21:00:00,,,,,,,,,,,,,,,,,,,,,,,,,,,,,,,,,,,,,,,,,,,,,804741.8,,,,,,0,,,,,,,,,,,,
21/01/2026 22:00:00,,,,,,,,,,,,,,,,,,,,,,,,,,,,,,,,,,,,,,,,,,,,,804741.9,,,,,,0.09999999997671694,,,,,,,,,,,,
21/01/2026 23:00:00,,,,,,,,,,,,,,,,,,,,,,,,,,,,,,,,,,,,,,,,,,,,,804741.9,,,,,,0,,,,,,,,,,,,
22/01/2026 00:00:00,,CB,,,,,,,72,16,85,10.9,0,,70.9,10.8,0,,72,75,420,48,60,,72,68,470,67,53,,68,70,470,62,60,,0.27,,,,,,,,804743.3,545001,438,586,707,1974,1.400000000023283,,,,,5.5,939,-64,314,2294,91,70,100
22/01/2026 01:00:00,,CB,,,,,,,68,19,85,10.8,0,,97.8,10.5,0,,75,77,450,49,68,,73,69,470,64,58,,69,73,470,58,63,,0.29,,5,674,99,18.6,24,,804755.8,545002,441,595,707,1974,12.5,,,,,4.8,940,-55,313,2278,93,77,100
22/01/2026 02:00:00,,15.2,49.4,63.9,9,6.9,66,9.9,39,17,85,10.8,0,,100,10.6,0,,,,,,,,,,,,,,,,,,,,0.31,,,,,,,,804768.6,,,,,,12.79999999993015,,,,,,,,,,,,
22/01/2026 03:00:00,,15.3,50,63.8,9.2,7.4,66.1,9.9,38,14,85,10.8,0,,70.5,11.6,0,,76,78,450,57,77,,74,70,450,64,68,,71,75,450,62,70,,0.31,,5.6,673,99,20.2,24,,804780.6,545005,446,607,708,1981,12,,,,,5.6,938,-69,315,2316,93,80,100
22/01/2026 04:00:00,,14.9,49.8,66.1,8.8,6.9,64.5,10.7,53,21,85,10.9,0,,100,10,0,,75,77,450,54,61,,72,69,450,63,51,,70,73,450,60,57,,0.31,,,,,,,,804792.8,545005,445,607,708,1992,12.20000000006985,,,,,4.9,938,-52,315,2324,93,78,100
22/01/2026 05:00:00,,,,,,,,,,,,,,,,,,,,,,,,,,,,,,,,,,,,,,,,,,,,,804805.3,545005,,,,,12.5,,,,,,,,,,,,
22/01/2026 06:00:00,,,,,,,,,,,,,,,,,,,,,,,,,,,,,,,,,,,,,,,,,,,,,804817.2,545005,443,607,1151,1990,11.899999999906868,75.39999999990687,95,11,,,,,,,,,
22/01/2026 07:00:00,,15.3,50.6,65.1,9.9,8,66.2,9.9,52,16,85,10.2,0,,86,11.1,0,,74,77,450,53,66,,72,69,470,67,53,,69,73,470,61,57,,0.37,,,,98.7,,,,804830.1,545005,442,607,1151,1955,12.900000000023283,,,,,5.2,946,-70,314,2284,92,73,100
22/01/2026 08:00:00,,16.4,50,63.9,8.6,8.9,71.1,10.7,38,12,85,10.3,0,,82,10.3,0,,75,77,450,51,73,,72,69,450,59,62,,70,73,450,56,37,,0.36,,,,,,,,804841.9,545005,439,607,1151,1948,11.800000000046566,,,,,5.3,938,-64,315,2355,92,79,100
22/01/2026 09:00:00,,16.2,48.8,64.2,9.1,9.4,69.9,10.5,53,22,85,10.4,0,,100,10.5,0,,75,77,450,53,62,,72,69,470,67,51,,70,73,470,62,54,,0.32,,,,,,,,804855.2,545005,437,607,1151,1933,13.29999999993015,,,,,5.7,939,-68,314,2339,92,75,100
22/01/2026 10:00:00,,16.3,50,63.8,10.2,9.9,70.5,10.6,46,17,85,10.1,0,,100,10.2,0,,75,78,450,52,60,,73,70,470,64,54,,70,74,470,60,57,,0.36,,,,,,,,804868.1,545015,438,607,1151,1904,12.900000000023283,,,,,5,938,-50,314,2337,92,74,100
22/01/2026 11:00:00,,15.7,49.4,64.3,9.9,9.3,68,10.2,58,27,81,9.8,0,,93,10.6,0,,75,77,450,54,64,,72,69,470,69,54,,70,73,470,63,60,,0.36,,,,98.6,,,,804880.6,545023,439,607,1151,1880,12.5,,,,,4.9,949,-46,314,2331,96,70,100
22/01/2026 12:00:00,,15.8,49,66.8,8.1,8.7,68.6,10.3,64,43,80,10.3,0,,100,10.3,0,,75,77,450,54,62,,73,70,470,66,55,,70,74,470,62,59,,0.37,,,,,,,,804893.3,545028,437,607,1151,1831,12.70000000006985,,,,,4.8,934,-43,314,2324,90,75,100
22/01/2026 13:00:00,,15.7,48.8,68,10.2,BW,68,10.2,69,63,80,10.2,0,,100,10.9,0,,75,77,450,56,68,,72,69,470,70,61,,70,73,470,64,63,,0.37,,,,,,,,804906.6,545036,436,607,1151,1781,13.29999999993015,,,,,5.2,938,-58,314,2332,92,81,100
22/01/2026 14:00:00,,16.7,49.5,67,9.8,9.2,72.3,10.8,69,56,80,9.6,0,,74,10.7,0,,75,77,450,56,64,,72,69,470,70,55,,70,73,470,60,57,,0.33,,,,,,,,804920.1,545041,438,607,1151,1787,13.5,,,,,5.3,940,-68,313,2314,95,81,100
22/01/2026 15:00:00,,15.4,50.1,66.1,10.4,8.8,66.7,10,80,79,80,8.7,0,,71,11.2,0,,74,77,450,57,62,,72,69,470,72,54,,69,73,470,66,58,,0.35,,,,98.6,,,,804933.3,545049,441,607,1151,1799,13.20000000006985,,,,,5.5,945,-63,313,2319,93,83,100
22/01/2026 16:00:00,,,,,,,,,,,,,,,,,,,,,,,,,,,,,,,,,,,,,,,,,,,,,804946.8,545054,,,,,13.5,,,,,,,,,,,,
22/01/2026 17:00:00,,CB,,,,,,,79,99,80,7.8,0,,45,10.6,0,,75,77,450,55,63,,72,69,470,69,52,,69,73,470,63,57,,0.34,,,,,,,,804959.9,545061,442,607,1151,1799,13.099999999976717,,,,,5,942,-52,314,2320,95,78,100
22/01/2026 18:00:00,,CB,,,,,,,,,,,,,,,,,,,,,,,,,,,,,,,,,,,,,,,,,,,804973.3,545070,443,607,1151,1808,13.400000000023283,156.10000000009313,,,,,,,,,,,
22/01/2026 19:00:00,,CB,,,,,,,54,100,80,6.9,0,,51.4,11.6,***,,74,77,450,57,62,,72,69,470,72,52,,69,72,470,69,56,,0.33,,6.1,683,98.8,18,23,,804986.6,545076,443,607,1151,1821,13.29999999993015,,,,,5.7,938,-61,312,2302,94,90,100
22/01/2026 20:00:00,,15,49.5,62.1,9.4,11,65,9.8,55,100,80,6.7,0,,21,10.1,***,,74,76,450,53,61,,72,69,450,63,50,,69,72,450,58,54,,0.33,,,,,,,,805000,545086,443,607,1151,1821,13.400000000023283,,,,,5.6,937,-64,313,2367,95,86,100
22/01/2026 21:00:00,,15.1,48.8,62,8.3,8,65.2,9.8,48,32,80,6.8,0,,25,11.1,***,,74,76,450,53,64,,72,68,450,65,52,,68,71,450,58,59,,0.34,,,,,,,,805012.5,545095,443,607,1151,1827,12.5,,,,,5.1,946,-43,313,2326,95,88,100
22/01/2026 22:00:00,,16,47.8,63.3,8.5,8.7,69.5,10.4,45,31,80,6.4,0,,26.8,10.8,***,,74,76,450,54,63,,72,68,450,64,55,,68,71,450,60,59,,0.35,,,,,,,,805025,545109,443,607,1151,1827,12.5,,,,,5.2,940,-59,313,2347,95,94,100
22/01/2026 23:00:00,,16.7,48.9,64,9.6,11.2,72.3,10.8,41,31,80,6.5,0,,27.5,11.3,***,,74,76,450,54,62,,72,68,450,63,53,,68,71,450,60,57,,0.4,,5.8,683,98.8,18.4,23,,805037.7,545112,443,607,1151,1835,12.699999999953434,,,,,5.2,937,-70,312,2316,95,95,100
23/01/2026 00:00:00,,15.5,49.9,63.8,10.4,11.6,67.3,10.1,46,34,80,6.4,0,,30.5,11,***,,73,76,450,56,66,,71,67,450,65,54,,68,70,450,59,62,,0.35,,,,,,,,805050.5,545117,442,607,1151,1840,12.800000000046566,,,,,5.3,941,-56,313,2352,93,89,100
23/01/2026 01:00:00,,14.5,49.7,67.1,9.3,9.9,63,9.4,45,30,75,6.5,0,,21.3,11.5,***,,73,76,450,55,59,,71,67,450,67,49,,68,70,450,59,55,,0.34,,,,,,,,805063,545127,442,607,1151,1840,12.5,,,,,5,943,-51,314,2328,91,84,100
23/01/2026 02:00:00,,15.4,48.3,66.6,8.9,9.3,66.7,10,39,31,75,6.8,0,,29.9,11.2,***,,73,76,450,56,62,,71,67,450,66,56,,68,70,450,60,59,,0.36,,,,,,,,805075.7,545136,441,607,1151,1842,12.699999999953434,,,,,5.5,945,-74,311,2315,93,83,100
23/01/2026 03:00:00,,15.9,47.7,67.5,9.5,9.4,69,10.3,37,35,75,6.7,0,,32.4,11.1,***,,73,76,450,56,62,,71,67,450,65,53,,68,70,450,60,58,,0.36,,6.3,674,99,17.4,23,,805088.5,545143,441,607,1151,1850,12.800000000046566,,,,,5.4,937,-44,313,2313,92,85,100
23/01/2026 04:00:00,,16.3,47.4,67.1,8.9,9.1,70.8,10.6,42,100,75,7.3,0,,33,11.3,***,,74,76,450,57,63,,72,68,450,66,55,,68,71,450,62,59,,0.36,,,,,,,,805101.2,545148.2,440,607,1151,1857,12.699999999953434,,,,,5.3,942,-81,314,2334,92,90,100
23/01/2026 05:00:00,,16.8,46.6,66.5,9.4,10,72.7,10.9,36,31,75,7.4,0,,38.6,10.8,***,,74,77,450,53,61,,72,68,450,61,52,,69,72,450,58,56,,0.36,,,,,,,,805113.5,545159,439,607,1151,1860,12.300000000046566,,,,,5.2,938,-65,313,2329,92,95,100
23/01/2026 06:00:00,,,,,,,,,,,,,,,,,,,,,,,,,,,,,,,,,,,,,,,,,,,,,805125.9,545166,,,,,12.400000000023283,152.59999999997672,308.70000000006985,161,,,,,,,,,
23/01/2026 07:00:00,,17.1,46.3,67.3,9.4,9.7,74.3,11.1,33,100,75,7.5,0,,43,11.1,0,,74,77,450,55,63,,72,68,460,67,50,,69,72,460,62,54,,0.44,,,,98.8,,,,805138.9,545166,440,607,1151,1870,13,,,,,5.4,940,-70,312,2316,93,90,100
23/01/2026 08:00:00,,17,45.3,67.1,9.3,8.9,73.8,11.1,40,100,75,8.1,0,,58,10.7,0,,74,77,450,57,58,,72,68,460,67,52,,69,72,460,63,55,,0.38,,,,,,,,805151.8,545177,439,607,1151,1845,12.900000000023283,,,,,5.1,939,-60,313,2302,91,92,100
23/01/2026 09:00:00,,,,,,,,,,,,,,,,,,,,,,,,,,,,,,,,,,,,,,,,,,,,,805164.5,545188,,,,,12.699999999953434,,,,,,,,,,,,
23/01/2026 10:00:00,,17.7,45.5,67.4,8.5,7.8,76.6,11.5,36,100,75,8.5,0,,97,10.8,0,,76,79,450,47,66,,73,70,460,58,56,,71,75,460,60,65,,0.42,,,,,,,,805176.5,545198,439,607,1151,1758,12,,,,,5,936,-69,314,2302,90,91,100
23/01/2026 11:00:00,,18.5,45.7,70,8.4,8.8,80,12,45,100,75,8.4,0,,91,10.2,0,,75,77,450,54,72,,72,69,470,68,62,,69,72,470,62,68,,0.45,,,,98.7,,,,805189.2,545205,439,607,1151,1735,12.699999999953434,,,,,5.3,945,-61,314,2275,89,82,100
23/01/2026 12:00:00,,19.1,46.8,71.3,8.9,9.8,82.9,12.4,38,31,75,9,0,,36,10.9,0,,74,77,450,53,72,,72,68,450,61,64,,69,72,400,50,63,,0.41,,,,,,,,805200.6,545207,438,607,1151,1708,11.400000000023283,,,,,5.4,929,-65,312,2280,92,96,100
23/01/2026 13:00:00,,18.7,48.1,72.3,BW,,81,12.1,28,36,75,9.6,0,,43,10.2,0,,75,78,450,50,65,,72,69,470,61,58,,70,73,470,57,61,,0.39,,,,,,,,805212.9,545223,437,607,1151,1650,12.300000000046566,,,,,5,942,-53,314,2279,89,83,100
23/01/2026 14:00:00,,17.6,48.8,72,10.1,9.6,76.4,11.5,43,36,73,10.6,0,,54,10.1,0,,75,77,450,52,66,,72,69,460,64,56,,70,73,460,59,61,,0.39,,,,,,,,805225.3,545230,435,607,1151,1650,12.400000000023283,,,,,6.1,941,-73,313,2243,88,81,100
23/01/2026 15:00:00,,17.5,47.5,72.8,8.1,7.8,75.8,11.4,41,32,73,9.5,0,,68,10.3,0,,75,78,450,51,75,,72,69,460,60,64,,70,73,460,58,67,,0.38,,,,98.8,,,,805238,545245,442,607,1151,1645,12.699999999953434,,,,,5.3,940,-63,312,2254,88,82,100
23/01/2026 16:00:00,,20.5,45.3,68.8,6.8,7,89,13.3,40,38,88,9.3,0,,100,11.1,0,,75,77,450,53,65,,72,69,460,64,57,,69,73,460,59,62,,0.38,,,,,,,,805250.5,545248,444,607,1151,1645,12.5,,,,,5.1,942,-57,311,2242,94,84,20
23/01/2026 17:00:00,,,,,,,,,,,,,,,,,,,,,,,,,,,,,,,,,,,,,,,,,,,,,805263.3,545262,,,,,12.800000000046566,,,,,,,,,,,,
23/01/2026 18:00:00,,,,,,,,,,,,,,,,,,,,,,,,,,,,,,,,,,,,,,,,,,,,,805273.8,,,,,,10.5,147.90000000002328,,,,,,,,,,,
23/01/2026 19:00:00,,20.1,48.4,68.8,10.1,12,87.3,13.1,30,31,90,8.3,0,,55.1,11.8,***,,74,77,450,57,57,,72,68,450,65,49,,68,72,450,61,53,,0.37,,6.8,681,98.8,18.7,23,,805286,545276,444,607,1151,1629,12.199999999953434,,,,,5,935,-52,313,2251,94,87,20
23/01/2026 20:00:00,,19.3,47.9,68.2,8.9,8.5,83.5,12.5,14,31,90,8.4,0,,84.9,12,***,,75,77,450,53,65,,72,68,450,60,54,,69,73,450,59,57,,0.38,,,,,,,,805298.3,545287,442,607,1151,1632,12.300000000046566,,,,,5.8,945,-60,314,2262,92,82,20
23/01/2026 21:00:00,,19.8,47.6,68.9,7.9,7,85.8,12.9,31,75,90,8.8,0,,78.6,11.1,***,,74,77,450,57,63,,72,69,450,65,55,,69,72,450,61,61,,0.38,,,,,,,,805310.7,545300,442,607,1151,1632,12.399999999906868,,,,,5,932,-64,312,2275,92,89,20
23/01/2026 22:00:00,,20.6,47.6,68.5,,,89.5,13.4,43,86,90,8.8,0,,74.4,,***,,75,77,450,56,70,,72,69,450,69,57,,70,72,460,63,63,,0.38,,,,,,,,805323.3,,,,,,12.600000000093132,,,,,5.6,941,-64,313,2233,95,90,20
23/01/2026 23:00:00,,,,,,,,,,,,,,,,,***,,,,,,,,,,,,,,,,,,,,,,,,,,,,805334.3,,,,,,11,,,,,,,,,,,,
24/01/2026 00:00:00,,,,,,,,,,,,,,,,,***,,,,,,,,,,,,,,,,,,,,,,,,,,,,805342.7,,,,,,8.399999999906868,,,,,,,,,,,,
24/01/2026 01:00:00,,20.4,48.6,69.4,9.2,8.4,88.1,13.2,52,78,90,8.5,0,,38.5,11.4,***,,75,77,450,53,63,,72,68,440,60,53,,69,73,450,59,56,,0.4,,,,,,,,805355.3,545324,442,607,1151,1644,12.600000000093132,,,,,5.2,937,-71,312,2267,94,88,20
24/01/2026 02:00:00,,19.9,49.4,68.3,8.8,8,86.1,12.9,60,94,90,8.5,0,,40.2,11,***,,75,77,450,56,60,,73,69,440,64,51,,69,72,450,61,55,,0.38,,,,,,,,805367.3,545333,443,607,1151,1648,12,,,,,5.1,942,-51,314,2268,94,86,20
24/01/2026 03:00:00,,19.8,49.6,68.5,9,8.4,85.8,12.9,73,100,90,8.5,0,,48.5,11.2,***,,75,77,450,56,71,,72,68,450,66,59,,69,73,450,61,63,,0.4,,6.4,673,98.7,17.9,22,,805379.7,545342,443,607,1151,1652,12.399999999906868,,,,,5.3,943,-62,313,2252,95,81,20
24/01/2026 04:00:00,,19.1,48.9,66.8,9.8,8.3,82.8,12.4,79,100,90,8.4,0,,53.3,11.6,***,,74,77,450,54,67,,72,69,450,66,52,,69,73,450,62,59,,0.41,,,,,,,,805392.3,545349,443,607,1151,1661,12.600000000093132,,,,,5.6,943,-70,313,2220,96,81,20
24/01/2026 05:00:00,,18.9,49.3,68,8.7,8.2,82.1,12.3,65,33,90,8.6,0,,31.1,10.7,***,,74,77,450,55,64,,72,69,440,62,53,,68,72,450,59,57,,0.38,,,,,,,,805405,545361,443,607,1151,1661,12.699999999953434,,,,,5.5,932,-73,312,2266,96,86,20
24/01/2026 06:00:00,,19.5,49.1,68,8.6,11.1,84.4,12.7,64,33,90,8.5,0,,32,10.7,***,,74,77,440,55,59,,72,69,440,63,51,,68,72,440,61,52,,0.39,,,,,,,,805417.6,545370,445,607,1151,1667,12.599999999976717,143.79999999993015,291.69999999995343,204,,5.1,935,-53,314,2275,95,88,20
24/01/2026 07:00:00,,18.6,49,67,9.7,11.5,80.6,12.1,74,100,90,8,0,,39,11.1,***,,74,76,440,57,65,,72,69,440,66,56,,68,72,440,62,61,,0.4,,5.9,662,98.5,16.7,22,,805429.9,545370,444,607,1151,1679,12.300000000046566,,,,,5.4,935,-65,313,2263,94,91,20
24/01/2026 08:00:00,,18.4,48.6,65.7,9.8,10.9,79.6,11.9,56,33,90,8,0,,38,11.2,***,,74,76,440,58,58,,72,68,440,67,50,,68,71,440,62,54,,0.4,,,,,,,,805442.5,545377,444,607,1151,1685,12.599999999976717,,,,,5.3,945,-58,312,2261,93,89,15
24/01/2026 09:00:00,,17.7,49.3,68.7,9,8.6,76.8,11.5,67,36,85,9.2,0,,36,11.3,***,,74,76,430,56,65,,72,68,430,64,57,,68,71,430,61,60,,0.4,,,,,,,,805453.8,545383,443,607,1151,1685,11.300000000046566,,,,,5.5,947,-54,312,2238,93,82,15
24/01/2026 10:00:00,,17.7,49.1,69.3,8.6,8.3,76.8,11.5,71,33,85,8.9,0,,36,11.4,***,,74,76,440,58,61,,72,68,440,66,52,,72,71,440,62,56,,0.4,,,,,,,,805466.1,545398,441,607,1151,1687,12.29999999993015,,,,,5.6,937,-57,314,2241,93,84,15
24/01/2026 11:00:00,,18.3,47.4,69.6,8.2,7.3,79.4,11.9,67,34,85,9.6,0,,40,11.6,***,,74,76,450,59,60,,72,69,460,71,52,,69,72,460,67,55,,0.4,,5.5,677,98.3,18.2,22,,805479.4,545398,440,607,1151,1693,13.300000000046566,,,,,5.1,942,-51,313,2220,94,90,15
24/01/2026 12:00:00,,18.9,47.8,69.5,9.5,11.4,82.1,12.3,61,31,85,9.4,0,,36,10.7,***,,75,76,440,57,67,,72,69,450,67,57,,69,73,450,64,60,,0.4,,,,,,,,805492.6,545403,441,607,1151,1701,13.199999999953434,,,,,5.8,940,-65,312,2172,93,82,15
24/01/2026 13:00:00,,18.4,48.4,68.9,8.9,8.7,79.7,12,63,39,85,9.5,0,,42,11.1,***,,75,77,450,58,61,,72,70,460,71,52,,69,73,460,66,54,,0.4,,,,,,,,805505.4,545412,441,607,1151,1708,12.800000000046566,,,,,4.5,934,-58,313,2231,95,83,15
24/01/2026 14:00:00,,17.5,48.7,70.7,11.2,BW,75.8,11.4,70,94,85,9.7,0,,54,11,***,,75,77,450,60,63,,73,70,470,74,54,,69,73,470,70,58,,0.39,,,,,,,,805518.8,545427,439,607,1151,1713,13.400000000023283,,,,,4.8,952,-50,314,2247,93,76,15
24/01/2026 15:00:00,,18,48.2,69.1,8.7,7.9,77.9,11.7,55,33,85,9,0,,49,10.7,***,,75,77,450,58,65,,73,69,470,71,56,,70,73,470,69,58,,0.39,,5.4,669,98.7,19.9,23,,805532.4,545427,444,607,1151,1719,13.599999999976717,,,,,5.3,941,-52,314,2259,94,82,15
24/01/2026 16:00:00,,18.5,46,68,7,6,80.2,12,68,98,85,8.7,0,,65,10.7,***,,75,77,450,57,67,,73,70,470,67,62,,70,74,470,65,62,,0.4,,,,,,,,805545.3,545435,445,607,1151,1726,12.900000000023283,,,,,5.1,944,-50,315,2285,93,80,15
24/01/2026 17:00:00,,19.2,45.7,68.6,8.4,7.4,83.4,12.5,61,33,85,8.2,0,,99,10.5,***,,76,78,460,59,59,,73,70,470,70,54,,70,75,470,67,58,,0.4,,,,,,,,805558.3,545440,,607,1151,,13,,,,,5.6,929,-57,312,2266,96,97,15
24/01/2026 18:00:00,,,,,,,,,,,,,,,,,***,,,,,,,,,,,,,,,,,,,,,,,,,,,,805571.6,545440,,607,1151,,13.29999999993015,154,,,,,,,,,,,
24/01/2026 19:00:00,,17.9,48.8,68,9.1,8.8,77.4,11.6,73,96,85,7.7,0,,100,10.8,***,,75,77,460,60,59,,72,69,470,70,55,,70,74,470,66,58,,0.39,,,,,,,,805585,545442,445,607,1151,1768,13.400000000023283,,,,,5.1,936,-58,312,2251,95,89,15
24/01/2026 20:00:00,,18.2,48.5,67.6,8.6,6.9,78.6,11.8,59,32,85,7.7,0,,99,10.2,***,,75,77,460,58,65,,72,69,470,69,57,,70,74,470,66,62,,0.4,,,,,,,,805598.1,545442,446,607,1151,1776,13.099999999976717,,,,,5.4,942,-63,313,2257,93,88,15
24/01/2026 21:00:00,,18.3,47.9,67.7,9.6,8.5,79.5,11.9,64,97,85,7.9,0,,100,10.2,***,,75,77,460,58,65,,72,69,470,70,56,,69,73,470,65,60,,0.4,,,,,,,,805611.2,545447,445,607,1151,1784,13.099999999976717,,,,,5.2,944,-56,313,2258,92,79,15
24/01/2026 22:00:00,,18.6,47.4,67.8,8.1,8.3,80.8,12.1,78,100,85,7.9,0,,100,10.7,***,,75,77,460,57,64,,72,69,470,68,54,,70,74,470,65,56,,0.41,,,,,,,,805624.3,545455,445,607,1151,1786,13.100000000093132,,,,,5.9,945,-60,313,2292,94,76,15
24/01/2026 23:00:00,,18.8,47.4,67.6,9.1,8.1,81.3,12.2,77,31,85,8.1,0,,97,10.4,***,,75,77,460,57,64,,72,69,470,68,56,,69,73,470,64,58,,0.39,,5.5,,98.8,,22,,805637.3,545464,444,607,1151,1798,13,,,,,4.9,942,-56,312,2248,96,75,15
25/01/2026 00:00:00,,18.8,46.2,67.5,8.7,8.4,81.7,12.3,72,40,85,8.1,0,,77,11,***,,75,77,460,58,67,,72,69,470,72,59,,69,73,470,66,63,,0.41,,,,,,,,805650.5,545472,444,607,1151,1799,13.199999999953434,,,,,5.2,943,-55,313,2273,96,71,15
25/01/2026 01:00:00,,19.3,45.7,67.8,8.5,8.7,83.7,12.6,81,100,85,8.2,0,,61,10.8,***,,75,77,460,58,63,,72,69,470,70,55,,69,73,470,66,57,,0.4,,,,,,,,805663.5,545476,444,607,1151,1805,13,,,,,5,943,-52,314,2293,95,74,15
25/01/2026 02:00:00,,20,45.6,67.9,8,7.6,86.6,13,78,39,85,8.3,0,,38,10.6,***,,75,77,460,57,67,,73,70,470,67,61,,70,74,470,64,64,,0.42,,,,,,,,805676.1,545485,443,607,1151,1810,12.599999999976717,,,,,5.4,947,-57,312,2278,95,70,15
25/01/2026 03:00:00,,CB,,,,,,,83,29,85,8.6,0,,29,10.2,***,,75,77,460,57,69,,72,69,470,68,60,,69,73,470,65,60,,0.4,,5.2,,98.7,,23,,805689,545494,442,607,1151,1816,12.900000000023283,,,,,5.4,944,-60,313,2261,96,65,15
25/01/2026 04:00:00,,CB,,,,,,,60,28,85,8.3,0,,31,10.4,***,,75,77,460,55,70,,73,70,470,66,58,,70,74,470,63,62,,0.43,,,,,,,,805701.7,545499,443,607,1151,1822,12.699999999953434,,,,,5.6,943,-64,312,2254,95,71,15
25/01/2026 05:00:00,,20.6,44.5,66.9,7.9,9.7,89.6,13.4,78,100,85,7.6,0,,71,10.7,***,,75,77,460,59,63,,72,69,470,70,58,,70,72,470,66,59,,0.4,,,,,,,,805714.5,545502,447,607,1151,1831,12.800000000046566,,,,,5.7,941,-75,311,2264,96,73,15
25/01/2026 06:00:00,,21.6,44.6,69.8,8.8,8.1,93.7,14.1,75,30,85,7.5,0,,53,10.8,***,,76,78,460,54,60,,73,70,470,67,56,,70,75,470,62,59,,0.49,,,,,,,,805727.3,545511,448,607,1151,1835,12.800000000046566,155.70000000006985,309.70000000006985,141,,5,943,-52,314,2278,96,76,15
25/01/2026 07:00:00,,20.7,46.5,69.9,9.7,11.5,89.5,13.4,61,30,85,7.1,0,,37,10.7,***,,76,78,450,54,69,,73,70,450,62,61,,70,74,450,59,67,,0.51,,5.9,690,99.1,16.2,24,,805739.5,545514,448,607,1151,1846,12.199999999953434,,,,,5.1,937,-67,313,2270,96,78,15
25/01/2026 08:00:00,,19.2,47.8,69.8,9.1,9.3,83.3,12.5,69,100,85,7.6,0,,39,10.5,***,,76,78,460,54,72,,74,70,470,64,63,,70,74,470,61,65,,0.51,,,,,,,,805751.6,545518,446,607,1151,1849,12.099999999976717,,,,,5,946,-65,313,2285,96,77,15
25/01/2026 09:00:00,,19.2,46.9,70.3,8.7,9.4,83,12.5,64,31,85,7.8,0,,37,10.5,***,,76,78,460,55,67,,73,70,470,65,61,,70,75,470,62,64,,0.43,,,,,,,,805763.9,545524,445,607,1151,1852,12.300000000046566,,,,,5.6,939,-69,313,2262,95,78,15
25/01/2026 10:00:00,,19.3,46.2,69.4,9.1,8.5,83.6,12.5,73,100,85,8.3,0,,40,10.7,***,,75,78,460,58,71,,73,70,470,69,61,,70,73,470,63,67,,0.44,,,,,,,,805776.3,545535,443,607,1151,1853,12.400000000023283,,,,,5.9,939,-69,310,2235,95,76,15
25/01/2026 11:00:00,,19.3,45.5,70.7,9,6.6,83.6,12.5,57,33,85,9,0,,41,10.8,***,,76,78,460,56,62,,73,70,470,65,55,,70,75,470,62,59,,0.48,,4.9,693,98.9,18.5,24,,805789.1,545540,442,607,1151,1863,12.79999999993015,,,,,6,939,-43,313,2273,94,73,15
25/01/2026 12:00:00,,20.3,44.1,70.8,6.9,6,87.8,13.2,73,32,85,9.3,0,,58,10.7,***,,76,78,460,57,63,,74,70,470,66,57,,70,75,470,63,60,,0.51,,,,,,,,805802,545542,442,607,1151,1870,12.900000000023283,,,,,5.4,939,-60,314,2253,94,85,15
25/01/2026 13:00:00,,21.2,44.3,71.8,8.7,9.3,92,13.8,68,31,85,9.8,0,,77,10.5,***,,76,78,460,57,73,,74,71,470,66,65,,71,76,470,63,69,,0.48,,,,,,,,805814.5,545547,441,607,1151,1881,12.5,,,,,5.2,946,-53,314,2248,93,75,15
25/01/2026 14:00:00,,21.4,46.3,71.9,10.3,11.1,92.7,13.9,76,98,85,8.9,0,,76,10.7,***,,76,78,460,60,61,,73,70,470,70,55,,71,75,470,65,58,,0.44,,,,,,,,805827.3,545554,444,607,1151,1887,12.800000000046566,,,,,4.8,939,-52,314,2258,95,75,15
25/01/2026 15:00:00,,20.1,46.5,70.5,9.7,9.3,87.4,13.1,58,32,85,9,0,,35,10.3,***,,76,78,460,55,68,,73,70,460,62,60,,71,76,460,60,59,,0.44,,4.8,666,98.8,18,24,,805840.1,545559,444,607,1151,1896,12.79999999993015,,,,,5.7,946,-63,314,2297,95,69,15
25/01/2026 16:00:00,,19.8,46.8,70.8,9.6,8.5,85.6,12.8,78,36,85,8.4,0,,61,11.1,***,,76,78,460,58,63,,73,70,470,67,55,,71,75,470,63,59,,0.45,,,,,,,,805852.6,545564,446,607,1151,1905,12.5,,,,,5.5,938,-61,311,2272,96,72,15
25/01/2026 17:00:00,,18.7,47.3,67.3,10.2,8.7,81.1,12.2,72,32,85,7.6,0,,67,10.9,***,,76,78,460,59,63,,73,69,470,68,57,,71,75,470,63,64,,0.44,,,,,,,,805865.4,545567,449,607,1151,1916,12.800000000046566,,,,,5.3,945,-58,309,2243,96,75,15
25/01/2026 18:00:00,,,,,,,,,,,,,,,,,***,,,,,,,,,,,,,,,,,,,,,,,,,,,,805878.3,545567.545578,,607,1151,,12.900000000023283,151,,,,,,,,,,,
25/01/2026 19:00:00,,17.8,47.1,66.4,9.4,6.9,77.3,11.6,66,32,85,7.7,0,,53,10.5,***,,75,77,460,59,63,,72,69,470,71,55,,70,73,470,64,60,,0.45,,5,,99,,24,,805891.1,545584,447,607,1151,1927,12.79999999993015,,,,,5.2,946,-49,313,2251,96,69,15
25/01/2026 20:00:00,,18.7,46.2,66.6,8.7,8.4,81.1,12.2,78,89,85,7.7,0,,96,10.7,***,,75,77,460,59,66,,73,69,470,69,57,,70,74,470,64,62,,0.45,,,,,,,,805904,545585,447,607,1151,1932,12.900000000023283,,,,,5.7,944,-64,313,2277,96,73,15
25/01/2026 21:00:00,,CB,,,,,,,72,95,85,7.6,0,,89,10.6,***,,75,78,450,55,60,,73,69,470,67,54,,70,74,470,62,60,,0.45,,,,,,,,805916.8,545596,446,607,1151,1936,12.800000000046566,,,,,5.1,941,-53,314,2268,95,67,15
25/01/2026 22:00:00,,CB,,,,,,,56,95,85,6.5,0,,84,10.8,***,,75,77,460,59,62,,72,68,470,70,55,,70,72,470,64,58,,0.45,,,,,,,,805929.4,545605,449,607,1151,1940,12.599999999976717,,,,,5,942,-51,313,2319,96,69,15
25/01/2026 23:00:00,,18.7,46,65.4,9.4,8.5,81,12.1,53,39,85,7.2,0,,42,10.2,***,,75,77,460,56,64,,73,68,470,68,53,,70,74,470,63,58,,0.45,,5.1,,98.9,,24,,805942.1,545615,447,607,1151,1949,12.699999999953434,,,,,5,943,-51,314,2305,95,61,15
26/01/2026 00:00:00,,18.7,46.6,65.5,9.2,9.6,81,12.2,65,28,85,7.5,0,,97,10.5,***,,75,77,460,58,73,,73,69,470,68,64,,70,73,470,63,68,,0.46,,,,,,,,805954.8,545621,447,607,1151,1953,12.70000000006985,,,,,4.9,944,-53,313,2300,96,65,15
26/01/2026 01:00:00,,18.7,46.6,65.2,9.8,9.1,81,12.2,63,100,85,7.3,0,,42,10.4,***,,75,77,450,53,62,,73,68,450,60,54,,70,74,450,58,57,,0.43,,,,,,,,805967.3,545625,448,607,1151,1958,12.5,,,,,5.9,936,-71,312,2306,94,62,15
26/01/2026 02:00:00,,18.7,46.6,64.5,9.7,8.7,81,12.1,62,100,85,6.6,0,,27,10.2,***,,74,77,460,57,66,,72,68,470,70,58,,69,72,470,63,63,,0.46,,,,,,,,805980,545635,448,607,1151,1960,12.699999999953434,,,,,5.3,944,-67,313,2302,96,61,15
26/01/2026 03:00:00,,17.7,47.4,64.9,BW,,76.5,11.5,56,35,85,6.9,0,,36,10.5,***,,75,77,460,58,68,,73,68,470,67,62,,70,73,470,63,64,,0.47,,5.4,,98.9,,23,,805992.6,545642,447,607,1151,1971,12.599999999976717,,,,,4.8,936,-51,314,2317,94,57,15
26/01/2026 04:00:00,,17.6,47.1,64.6,9,8.3,76.3,11.4,64,100,85,7.1,0,,29,10,***,,74,77,460,56,63,,72,68,470,69,54,,70,73,470,62,59,,0.46,,,,,,,,806005.4,545649,447,607,1151,1976,12.800000000046566,,,,,5.8,945,-68,313,2283,96,55,15
26/01/2026 05:00:00,,17.6,48,64.2,9,8.5,76.4,11.5,64,100,85,7.2,0,,56,10.3,***,,75,77,460,58,73,,73,69,470,67,60,,70,73,470,63,68,,0.45,,,,,,,,806018.1,545661,446,607,1151,1979,12.699999999953434,,,,,5.5,938,-78,313,2298,94,59,15
26/01/2026 06:00:00,,,,,,,,,,,,,,,,,***,,,,,,,,,,,,,,,,,,,,,,,,,,,,806031.1,545661,,,,,13,152.79999999993015,303.79999999993015,150,,,,,,,,,
26/01/2026 07:00:00,,17.9,47,64.5,8.5,7.8,77.7,11.7,64,34,85,6.7,0,,32.6,11.1,***,,74,77,450,56,63,,72,68,450,66,50,,69,72,450,54,50,,0.47,,5.5,666,98.9,17.8,24,,806043.8,545670,447,607,1151,1996,14,,,,,5.4,941,-54,314,2300,95,57,15
26/01/2026 08:00:00,,17.7,47.6,64.2,9.7,,76.6,11.5,54,32,85,6.7,0,,51,,***,,75,78,460,62,62,,73,69,470,67,62,,71,75,470,64,64,,0.46,,,,,,,,806055.7,545680,448,607,1151,1957,11.899999999906868,,,,,4.8,938,-51,314,2311,94,60,15
26/01/2026 09:00:00,,17.5,47.4,64.2,9,6.9,76,11.4,62,100,85,6.5,0,,26.3,10.6,***,,74,77,460,57,68,,72,68,470,68,59,,69,72,470,62,66,,0.52,,,,,,,,806068.6,546687,447,607,1151,1904,12.900000000023283,,,,,5.4,942,-66,312,2257,96,64,15
26/01/2026 10:00:00,,CB,,,,,,,50,95,85,6.1,0,,21.5,9.8,***,,74,77,450,53,71,,73,68,450,58,68,,70,73,450,55,71,,0.53,,,,,,,,806080.5,545692,448,607,1151,1881,11.900000000023283,,,,,5.2,939,-52,313,2278,94,63,15
26/01/2026 11:00:00,,18.1,47.7,63.8,9.2,8.3,78.6,11.8,49,100,85,5.8,0,,32.4,9.9,***,,74,77,460,55,94,,73,69,470,59,88,,69,71,470,58,86,,0.51,,5.4,671,98.9,19.2,24,,806091.3,545692,448,607,1151,1831,10.800000000046566,,,,,5.2,935,-68,313,2271,95,68,15
26/01/2026 12:00:00,,18.1,48.3,65.6,9.1,7.9,78.4,11.8,61,100,85,5.9,0,,39.6,10.2,***,,74,76,460,60,64,,72,68,470,68,60,,69,71,470,63,63,,0.47,,,,,,,,806104.3,545692,447,607,1151,1846,13,,,,,5.9,941,-63,313,2306,95,66,15
26/01/2026 13:00:00,,18.2,47.9,64.2,8.6,9.4,78.9,11.8,41,31,85,6.2,0,,28.9,9.9,***,,74,77,460,56,65,,73,68,470,65,58,,70,73,470,61,62,,0.46,,,,,,,,806117.2,545692,447,607,1151,1830,12.899999999906868,,,,,5.5,949,-57,313,2316,96,65,15
26/01/2026 14:00:00,,18.5,47.2,63.4,8.5,9.2,80.4,12,52,100,85,6.5,0,,27.9,10.1,***,,74,77,460,55,65,,73,69,470,63,61,,70,73,470,60,65,,0.52,,,,,,,,806130.6,545692,447,607,1151,1798,13.400000000023283,,,,,5.9,945,-64,313,2303,94,63,15
26/01/2026 15:00:00,,18,47.6,64.3,bw,10.3,78.1,11.7,57,100,85,6.9,0,,20.6,10.3,***,,74,77,460,57,67,,72,68,470,66,58,,69,72,470,62,64,,0.52,,6,679,99.1,18.3,24,,806143.7,545692,445,607,1151,1756,13.099999999976717,,,,,5.5,935,-60,312,2273,95,65,15
26/01/2026 16:00:00,,18.2,48.3,64.4,9.2,10,79,11.9,58,100,85,6.7,0,,3.6,10.4,***,,74,77,460,54,58,,73,69,470,63,51,,69,72,470,59,56,,0.47,,,,,,,,806157.1,545692,446,607,1151,1735,13.400000000023283,,,,,6.2,942,-64,313,2308,94,57,15
26/01/2026 17:00:00,,17.8,46.9,64,9.3,9.9,77,11.5,48,31,85,6.6,0,,15.2,10.1,***,,74,77,460,56,68,,73,68,470,64,64,,69,73,470,60,68,,0.52,,,,,,,,806169.9,545692,446,607,1151,1707,12.800000000046566,,,,,5.7,940,-68,312,2317,95,62,15
26/01/2026 18:00:00,,18.1,47.7,63.4,8.4,8.8,78.5,11.8,52,37,85,6.4,0,,26,10.3,***,,74,77,460,58,66,,73,69,470,66,62,,70,72,470,61,68,,0.47,,,,,,,,806182.4,545692,447,607,1151,1714,12.5,151.30000000004657,,,,5.6,941,-64,312,2305,95,62,15
26/01/2026 19:00:00,,18.1,47.6,63,8.9,10.4,78.3,11.8,61,37,85,6.1,0,,23,10.5,***,,74,77,460,59,60,,73,69,470,66,55,,69,72,470,62,58,,0.47,,5.4,648,99.1,17.1,24,,806195.5,545692,447,607,1151,1719,13.099999999976717,,,,,5.4,934,-59,313,2313,94,70,15
26/01/2026 20:00:00,,18.5,46,67.2,7.5,5.6,80.2,12,40,33,85,6,0,,22,10.3,***,,74,76,460,58,59,,73,69,470,65,55,,70,71,470,62,58,,0.46,,,,,,,,806208.5,545699,447,607,1151,1725,13,,,,,5.5,938,-65,314,2303,95,72,15
26/01/2026 21:00:00,,18.9,47.3,66.6,9.5,11.2,81.8,12.3,62,38,85,5.9,0,,26,11.1,***,,74,77,460,59,63,,73,69,470,66,60,,70,72,470,61,64,,0.47,,,,,,,,806221.4,545708,447,607,1151,1727,12.900000000023283,,,,,5.7,939,-59,313,2308,95,75,15
26/01/2026 22:00:00,,18.5,46.4,66.9,9.1,6.5,80.3,12,56,32,85,6.1,0,,30,10.1,***,,74,77,460,57,64,,73,69,470,66,58,,70,73,470,62,63,,0.54,,,,,,,,806234.1,545718,447,607,1151,1731,12.699999999953434,,,,,5.3,943,-56,313,2297,96,71,15
26/01/2026 23:00:00,,18.7,46.1,66.6,8.6,6.7,81,12.2,63,100,85,5.9,0,,26,10.7,***,,74,76,460,59,61,,73,68,470,68,53,,69,71,470,63,61,,0.48,,5.8,676,99.1,18.3,23,,806247.1,545722,447,607,1151,1740,13,,,,,5.7,940,-65,311,2307,96,76,15
27/01/2026 00:00:00,,19.4,45.8,66.1,8.1,6.6,83.9,12.6,50,33,85,5.8,0,,40,10.2,***,,75,77,460,56,62,,73,69,470,64,57,,70,73,470,61,58,,0.47,,,,,,,,806259.8,545728,448,607,1151,1749,12.70000000006985,,,,,5,944,-53,315,2348,95,71,15
27/01/2026 01:00:00,,19.9,45.6,66,8.8,8.7,86.3,12.9,66,100,85,5.4,0,,43,10.6,***,,74,76,460,63,65,,73,68,470,70,60,,69,71,470,65,64,,0.47,,,,,,,,806272.5,545741,449,607,1151,1749,12.699999999953434,,,,,5.8,944,-69,312,2329,96,68,15
27/01/2026 02:00:00,,20.5,45.3,66.4,8.2,8.8,88.9,13.3,51,31,85,5.4,0,,37,10.9,***,,74,77,460,58,61,,73,69,470,65,59,,69,72,470,63,60,,0.47,,,,,,,,806285.3,545753,447,607,1151,1751,12.800000000046566,,,,,5,938,-63,314,2280,96,67,15
27/01/2026 03:00:00,,20.6,45.6,66.8,9,10.4,89.3,13.4,67,36,85,5.4,0,,45,10.7,***,,74,77,460,58,77,,73,69,470,66,69,,69,72,470,62,71,,0.46,,5.4,665,98.8,16,24,,806298.1,545761,446,607,1151,1757,12.79999999993015,,,,,5.3,935,-63,313,2300,96,70,15
27/01/2026 04:00:00,,20,44.4,65.7,9.2,8.8,86.8,13,57,32,85,5.1,0,,47,10.5,***,,74,77,460,57,66,,73,69,470,66,57,,69,73,470,62,60,,0.46,,,,,,,,806310.6,545766,448,607,1151,1766,12.5,,,,,4.8,942,-55,313,2301,95,71,15
27/01/2026 05:00:00,,19.6,44,63.7,9.6,7.3,84.9,12.7,69,87,85,4.4,0,,53,10.9,***,,74,76,460,61,61,,73,68,470,68,56,,69,72,470,64,61,,0.46,,,,,,,,806323.5,545773,450,607,1151,1774,12.900000000023283,,,,,5,944,-58,312,2304,96,70,15
27/01/2026 06:00:00,,,,,,,,,,,,,,,,,***,,,,,,,,,,,,,,,,,,,,,,,,,,,,806336.4,545780,,607,1151,,12.900000000023283,154,305.30000000004657,119,,,,,,,,,
27/01/2026 07:00:00,,19.1,45.4,65.6,8.4,6.9,82.7,12.4,53,31,85,4.1,0,,39.2,10.1,***,,74,77,460,54,69,,73,69,470,63,58,,69,73,470,61,61,,0.49,,5.2,678,98.8,18.2,24,,806349.5,545780,448,607,1151,1760,13.099999999976717,,,,,4.7,936,-51,313,2291,96,67,15
27/01/2026 08:00:00,,18.9,45.6,62.9,10.3,8.9,82,12.2,62,70,85,4.5,0,,38.9,10.4,***,,74,76,460,58,61,,73,69,470,65,58,,69,73,470,62,61,,0.5,,,,,,,,806362.4,545780,447,607,1151,1723,12.900000000023283,,,,,4.8,932,-43,312,2285,96,77,15
27/01/2026 09:00:00,,18.4,45.2,62.6,9.2,8.4,80,12,70,72,85,4.5,0,,63.9,10.9,***,,74,76,460,58,57,,72,69,470,68,52,,69,71,470,63,55,,0.49,,,,,,,,806376.2,545780,447,607,1151,1677,13.79999999993015,,,,,5.7,945,-74,309,2250,98,74,15
27/01/2026 10:00:00,,19.3,44.6,63.8,8.8,10.4,83.8,12.6,70,67,85,4.4,0,,21.8,10.4,***,,70,73,460,57,61,,72,68,470,65,55,,68,71,470,60,61,,0.49,,,,,,,,806385.5,545780,448,607,1151,1610,9.300000000046566,,,,,5.3,939,-68,312,2283,98,69,15
27/01/2026 11:00:00,,18.6,44.3,64.3,8.1,7.9,80.7,12.1,73,72,85,4.8,0,,25.9,10.1,***,,72,75,460,58,63,,72,68,470,66,58,,69,72,470,61,61,,0.49,,5.8,664,98.9,17.3,24,,806394.4,545780,447,607,1151,1585,8.900000000023283,,,,,5.6,941,-56,313,2281,98,68,15
27/01/2026 12:00:00,,19.9,44.5,65.9,8.3,7.8,86.2,12.9,70,49,85,5.5,0,,34.5,10.4,***,,73,76,460,52,67,,73,68,470,58,62,,Off,,,,,,0.55,,,,,,,,806404.8,545780,444,607,1151,1537,10.400000000023283,,,,,5,939,-65,312,2280,98,68,15
27/01/2026 13:00:00,,20.5,43.3,67.9,7.5,7.4,89,13.4,75,69,85,6.2,0,,36.7,10.6,***,,73,76,460,58,70,7,73,69,470,66,61,,68,72,470,60,70,,0.51,,,,,,,,806412.1,545780,443,607,1151,1531,7.299999999930151,,,,,5.4,939,-49,312,2293,98,70,15
27/01/2026 14:00:00,,22.3,43,70.4,7.7,8.9,96.6,14.5,69,84,85,6.8,0,,55.4,10.9,***,,74,76,460,59,63,,73,69,470,68,58,,69,72,470,62,63,,0.52,,,,,,,,806424.8,545780,445,607,1151,1488,12.70000000006985,,,,,5.3,939,-59,312,2274,98,70,15
27/01/2026 15:00:00,,CB,,,,,,,,61,36,6.2,0,,48.1,10.7,***,,75,77,460,60,66,,73,70,470,69,57,,70,73,470,62,65,,0.52,,5.5,673,98.9,19.9,24,,806437.9,545780,446,607,1151,1440,13.099999999976717,,,,,5.4,958,-65,272,0,83,66,100
27/01/2026 16:00:00,,CB,,,,,,,,59,56,6.9,0,,18.2,9.4,***,,74,76,460,54,64,,73,70,470,62,56,,70,73,470,57,63,,0.48,,,,,,,,,545780,445,607,1151,1421,-806437.9,,,,,4.9,949,-54,271,0,78,57,100
27/01/2026 17:00:00,,CB,,,,,,,,53,64,6.5,0,,44.2,,***,,74,76,460,54,75,,73,70,470,63,62,,70,73,470,57,70,,0.52,,,,,,,,806463.9,545780,445,607,1151,1363,806463.9,,,,,5,943,-70,261,0,84,63,100
27/01/2026 18:00:00,,C/B,,,,,,,32,83,56,6.6,0,,34,,***,,74,77,460,59,63,,73,70,470,69,59,,69,72,470,62,64,,0.48,,,,,,,,806476.6,545780,445,607,1151,1336,12.699999999953434,140.19999999995343,,,,5.4,935,-73,313,1858,75,58,95
27/01/2026 19:00:00,,C/B,,,,,,,30,84,15,7.1,0,,35,,***,,75,77,460,59,66,,73,70,470,69,55,,70,72,470,62,61,,0.48,,,,,,,,806489.6,545780,444,607,1151,1338,13,,,,,5.1,947,-53,311,2027,86,69,45
27/01/2026 20:00:00,,C/B,,,6.9,5.8,,,28,87,85,8.1,0,,32,10.7,***,,74,76,460,58,63,,73,70,470,67,56,,70,72,470,61,62,,0.49,,,,,,,,806502.4,545784,442,607,1151,1340,12.800000000046566,,,,,5.3,936,-45,314,2275,95,68,18
27/01/2026 21:00:00,,21.8,44.3,70,8.2,6,94.6,14.2,31,31,85,8.6,0,,64,10.5,***,,75,77,460,55,64,,74,70,470,67,54,,71,74,470,60,60,,0.49,,,,,,,,806515.1,545790,442,607,1151,1346,12.699999999953434,,,,,5.2,941,-50,312,2246,96,79,15
27/01/2026 22:00:00,,21.9,45.4,69.2,9.9,12.1,95,14.3,23,30,85,8.4,0,,43,10.8,***,,75,77,460,56,64,,74,71,470,67,54,,70,75,470,61,61,,0.49,,,,,,,,806527.6,545802,443,607,1151,1350,12.5,,,,,5.1,936,-57,311,2241,96,77,15
27/01/2026 23:00:00,,21.4,44.7,69.4,8.9,9.4,92.7,13.9,46,94,85,8,0,,68,10,***,,76,78,460,57,65,,75,71,470,65,58,,71,75,470,60,62,,0.49,,4.5,686,98.9,16,23,,806540.3,545811,445,607,1151,1351,12.70000000006985,,,,,5.6,942,-61,312,2209,96,76,15
28/01/2026 00:00:00,,21.2,44.9,70.5,8.7,7.2,92,13.8,32,36,85,8,0,,90,10.2,***,,76,78,460,57,65,,75,71,470,65,60,,71,76,470,61,64,,0.51,,,,,,,,806552.8,545811,444,607,1151,1365,12.5,,,,,5.6,938,-55,314,2254,96,86,15
28/01/2026 01:00:00,,21.4,44,71.5,8.6,7.5,92.5,13.9,48,90,85,7.7,0,,100,10.6,***,,76,78,460,58,64,,74,71,470,67,58,,71,75,470,62,64,,0.5,,,,,,,,806565.4,545818,443,607,1151,1371,12.599999999976717,,,,,6.3,945,-77,312,2259,95,81,15
28/01/2026 02:00:00,,22.3,43.1,69.7,7.7,7.3,96.6,14.5,33,33,85,7.9,0,,50,10.4,***,,76,78,460,55,68,,74,71,470,66,59,,70,75,470,61,63,,0.58,,,,,,,,806578.3,545826,442,607,1151,1377,12.900000000023283,,,,,5.4,942,-56,315,2282,94,83,15
28/01/2026 03:00:00,,22.6,42.9,69.7,8.8,7.9,98,14.7,54,76,85,7.6,0,,100,10.7,***,,77,78,460,58,62,,75,71,470,65,58,,71,76,470,60,63,,0.51,,4.8,694,99.1,20.3,24,,806590.6,545830,443,607,1151,1388,12.29999999993015,,,,,6.3,940,-73,312,2238,95,79,15
28/01/2026 04:00:00,,22.5,44,69.4,9.5,10,97.5,14.6,38,31,85,7.2,0,,44,10.7,***,,76,78,460,54,66,,74,71,470,67,55,,71,75,470,59,65,,0.55,,,,,,,,806603.1,545834,445,607,1151,1397,12.5,,,,,5.4,938,-65,314,2266,95,82,15
28/01/2026 05:00:00,,22,44.3,68.4,9.5,7.7,95.3,14.3,57,70,85,6.7,0,,41,9.9,***,,76,78,460,55,63,,74,71,470,64,58,,71,76,470,58,62,,0.54,,,,,,,,806615.7,545838,446,607,1151,1399,12.599999999976717,,,,,5.4,934,-69,313,2256,95,86,15
28/01/2026 06:00:00,,,,,,,,,,,,,,,,,***,,,,,,,,,,,,,,,,,,,,,,,,,,,,806628.3,545852,446,607,1151,1401,12.600000000093132,151.70000000006985,291.9000000000233,72,,,,,,,,,
28/01/2026 07:00:00,,21.3,45.5,69.9,8.8,7.4,92.4,13.9,39,33,85,7.5,0,,98.2,9.7,***,,77,79,460,47,63,,75,70,470,53,57,,72,77,470,49,64,,0.57,,5,688,99.1,19.8,23,,806640.6,545856,445,607,1151,1414,12.29999999993015,,,,,5.5,933,-61,314,2275,94,88,15
28/01/2026 08:00:00,,20.6,44.6,68.7,9,8.4,89,13.3,27,24,85,7.9,0,,24.8,9.5,***,,76,77,460,53,72,,74,70,470,62,63,,71,75,470,57,69,,0.62,,,,,,,,806653.1,545856,444,607,1151,1391,12.5,,,,,5.9,953,-67,312,2248,93,85,15
28/01/2026 09:00:00,,19.9,46.6,68.7,9.8,10.1,86.4,12.9,48,58,85,8.1,0,,75.5,10,***,,76,78,460,55,65,,74,70,470,64,58,,71,75,470,59,64,,0.57,,,,,,,,806665.6,545856,445,607,1151,1351,12.5,,,,,5.7,942,-62,313,2269,92,83,15
28/01/2026 10:00:00,,19.5,48.1,68.2,10.4,11.4,84.4,12.7,52,63,85,8.3,0,,82.6,10.6,***,,76,78,460,55,65,,74,70,470,65,57,,71,75,470,60,63,,0.64,,,,,,,,806678,545864,443,607,1151,1341,12.400000000023283,,,,,5.4,935,-66,311,2220,95,88,15
28/01/2026 11:00:00,,18.4,48.2,68.7,8.8,9,79.7,12,62,65,85,8,0,,8.8,9.6,***,,76,78,480,64,82,,75,71,470,69,68,,72,76,470,64,76,,0.59,,4.7,735,98.8,20.4,24,,806690.3,545872,443,607,1151,1313,12.300000000046566,,,,,5.7,939,-73,312,2258,95,93,15
28/01/2026 12:00:00,,,,,7.4,6.9,,,,,,,,,,10,***,,,,,,,,,,,,,,,,,,,,,,,,,,,,806701.9,,,,,,11.599999999976717,,,,,,,,,,,,
28/01/2026 13:00:00,,,,,,,,,,,,,,,,,***,,,,,,,,,,,,,,,,,,,,,,,,,,,,806701.9,,,,,,0,,,,,,,,,,,,
28/01/2026 14:00:00,,,,,,,,,,,,,,,,,***,,,,,,,,,,,,,,,,,,,,,,,,,,,,806701.9,,,,,,0,,,,,,,,,,,,
28/01/2026 15:00:00,,CB,,,,,,,78,23,85,8.6,0,,3.6,9.1,***,,72,74,450,53,102,,73,68,470,61,101,,47,49,470,55,112,,0.51,,5.1,701,99,21.8,22,,806705.3,,,,,,3.400000000023283,,,,,5.3,942,-57,314,2211,92,84,16
28/01/2026 16:00:00,,CB,,,,,,,71,52,85,7.6,0,,99,10.6,***,,74,77,470,60,59,,73,68,470,67,55,,68,71,470,62,58,,0.52,,,,,,,,806717.7,545883,446,607,1151,1226,12.399999999906868,,,,,5.4,939,-51,314,2283,94,85,15
28/01/2026 17:00:00,,20.6,45.1,67.4,7.5,7,89,13.4,66,36,85,6.8,0,,90.5,11.5,***,,74,76,470,60,67,,72,68,470,68,59,,69,71,470,60,68,,0.59,,,,,,,,806731.1,545892,448,607,1151,1203,13.400000000023283,,,,,6,943,-67,312,2267,94,87,15
28/01/2026 18:00:00,,,,,,,,,,,,,,,,,***,,,,,,,,,,,,,,,,,,,,,,,,,,,,806744.6,,,607,1151,,13.5,116.29999999993015,,,,,,,,,,,
28/01/2026 19:00:00,,21.2,45.2,68.5,8.7,6.9,91.8,13.8,41,13,90,6.1,0,,100,10.7,***,,74,77,470,60,69,,73,68,470,69,61,,70,71,470,64,66,,0.58,,5.6,668,99.1,18.6,23,,806757.9,545904,449,607,1151,1157,13.300000000046566,,,,,5.9,895,-103,311,2253,96,100,15
28/01/2026 20:00:00,,21,44,63.2,8.6,7.8,91.2,13.7,65,44,90,7.1,0,,100,10.4,***,,74,77,470,58,66,,72,68,470,69,54,,70,71,470,62,62,,0.52,,,,,,,,806771.4,545922,448,607,1151,1157,13.5,,,,,6.1,830,-194,306,2115,96,100,15
28/01/2026 21:00:00,,21.4,43.5,62.1,8.7,8.3,92.8,13.9,74,54,90,6.4,0,,100,10.3,***,,75,77,470,59,68,,73,68,470,68,61,,71,72,470,62,66,,0.51,,,,,,,,806784.6,545930,446,607,1151,1161,13.199999999953434,,,,,6.4,823,-216,308,2089,96,100,15
28/01/2026 22:00:00,,22.6,43.7,65,8,7.8,98,14.7,68,20,95,6.3,0,,100,10.4,***,,75,78,470,56,67,,73,69,470,65,56,,71,73,470,60,62,,0.52,,,,,,,,806797.6,545937,446,607,1151,1171,13,,,,,6.5,866,-154,312,2202,94,100,15
28/01/2026 23:00:00,,22.6,43.8,63.6,8.6,8.8,98,14.7,69,24,95,6,0,,88.4,9.6,***,,75,78,470,54,71,,73,69,470,63,62,,71,73,40,59,66,,0.53,,5.6,680,99.1,17.8,24,,806810.4,545940,448,607,1151,1171,12.800000000046566,,,,,5.8,850,-169,306,2161,94,100,15
29/01/2026 00:00:00,,22.5,46.3,66.7,9.5,10.3,97.7,14.7,79,20,95,6.2,0,,100,10.1,***,,75,78,470,56,66,,73,69,470,63,58,,72,73,470,60,59,,0.52,,,,,,,,806823.1,545958,447,607,1151,1174,12.699999999953434,,,,,5.6,883,-132,312,2234,96,100,15
29/01/2026 01:00:00,,21.8,45.4,65.2,7.8,8.3,94.5,14.2,78,13,95,5.2,0,,100,9.6,***,,75,78,470,56,71,,73,68,470,63,64,,72,73,470,59,67,,0.53,,,,,,,,806835.8,545966,449,607,1151,1174,12.70000000006985,,,,,5.5,897,-55,312,2257,92,89,15
29/01/2026 02:00:00,,21.8,42.5,64.6,6.6,7.4,94.5,14.2,76,24,95,5.4,0,,100,9.8,***,,75,77,470,56,66,,73,69,470,64,56,,72,72,470,59,62,,0.53,,,,,,,,806848.4,545971,448,607,1151,1174,12.599999999976717,,,,,5.9,910,-71,311,2249,96,97,15
29/01/2026 03:00:00,,22.6,44,65.4,8.2,8.4,98,14.7,82,22,95,5.5,0,,100,10.1,***,,75,77,470,56,64,,73,68,470,65,56,,71,72,470,60,60,,0.54,,5.8,663,99.2,16.9,24,,806861.1,545984,449,607,1151,1174,12.699999999953434,,,,,5,936,-52,314,2290,95,83,15
29/01/2026 04:00:00,,22.4,46.3,66,8.8,9.3,97.3,14.7,72,1,95,6.2,0,,100,9.6,***,,75,77,470,56,65,,73,69,470,64,56,,71,73,470,59,62,,0.53,,,,,,,,806873.8,546006,446,607,1151,1174,12.70000000006985,,,,,5.2,926,-62,314,2283,95,83,15
29/01/2026 05:00:00,,22,46.4,66.5,10.2,9.9,95.5,14.3,73,8,95,6,0,,100,10.6,***,,75,77,470,56,69,,73,69,470,64,57,,71,72,470,59,60,,0.54,,,,,,,,806886.3,546012,447,607,1151,1174,12.5,,,,,5.6,941,-53,314,2294,94,76,15
29/01/2026 06:00:00,,,,,,,,,,,,,,,,,,,,,,,,,,,,,,,,,,,,,,,,,,,,,806899.4,546012,445,607,1151,1174,13.099999999976717,154.80000000004657,271.0999999999767,160,,,,,,,,,
29/01/2026 07:00:00,,20.9,45.9,64.5,9,8.4,90.6,13.6,68,0,95,5.3,0,,100,10.8,***,,75,77,470,56,65,,73,68,470,65,58,,71,72,470,60,60,,0.61,,6,684,99.2,16.1,22,,806912.5,546014,447,607,1151,1163,13.099999999976717,,,,,5.5,937,-56,313,2300,95,84,15
29/01/2026 08:00:00,,20.7,45.6,63.9,BW,11,89.2,13.4,83,2,95,5.5,0,,100,10.2,***,,75,77,470,56,71,,73,9,470,63,64,,71,72,470,59,68,,0.6,,,,,,,,806925.4,546014,446,607,1151,1156,12.900000000023283,,,,,5.5,934,-71,313,2311,95,92,15
29/01/2026 09:00:00,,CB,,,,,,,80,1,95,6.6,0,,100,10.6,***,,75,77,470,58,61,,73,69,470,70,48,,71,72,470,60,60,,0.54,,,,,,,,806938.5,546014,443,607,1151,1125,13.099999999976717,,,,,4.7,940,-74,310,2258,94,92,15
29/01/2026 10:00:00,,CB,,,,,,,,,,,,,,,***,,,,,,,,,,,,,,,,,,,,,,,,,,,,806951.6,,,,,,13.099999999976717,,,,,,,,,,,,
29/01/2026 11:00:00,,CB,,,,,,,,,,,,,,,***,,,,,,,,,,,,,,,,,,,,,,5.8,691,99.1,20.4,23,,806965,,,,,,13.400000000023283,,,,,,,,,,,,
29/01/2026 12:00:00,,CB,,,,,,,59,50,95,7.9,0,,100,11,***,,75,77,470,61,65,,7,69,470,68,60,,72,72,470,62,65,,0.61,,,,,,,,806977,546026,439,607,1151,1117,12,,,,,4.8,937,-59,313,2233,93,82,15
29/01/2026 13:00:00,,21.7,45.2,66.6,9.1,8.1,94,14.1,58,64,95,8.6,0,,100,11.1,***,,74,77,490,65,58,,72,68,470,73,49,,71,72,470,64,55,,0.55,,,,,,,,806990.5,546026,439,607,1151,1106,13.5,,,,,4.5,941,-55,314,2292,95,80,15
29/01/2026 14:00:00,,21.4,45.6,65.2,8.9,7.2,92.9,13.9,66,67.6,95,7.9,0,,100,11.3,***,,75,77,490,62,67,,73,69,470,67,55,,72,73,470,61,60,,0.58,,,,,,,,807004.5,546033,445,607,1151,1111,14,,,,,4.6,939,-65,313,2280,96,80,15
29/01/2026 15:00:00,,21.3,46,65.4,9,7.1,92.5,13.9,61,77,95,7.6,0,,100,10.7,***,,75,77,490,61,60,,73,69,470,66,52,,72,73,470,60,57,,0.62,,5.6,684,99,19.1,24,,807018.1,546033,448,607,1151,1122,13.599999999976717,,,,,5.1,939,-58,313,2305,93,77,15
29/01/2026 16:00:00,,21.1,46,64.6,9.2,8.2,91.3,13.7,56,31,95,7,0,,98.1,11.2,***,,76,77,490,63,60,,73,69,470,66,50,,73,73,470,60,58,,0.61,,,700,99.1,,,,807031.5,546035,449,607,1151,1077,13.400000000023283,,,,,5.3,941,-65,312,2285,95,73,15
29/01/2026 17:00:00,,20.7,46.7,63.3,9,7.9,89.7,13.4,71,62,95,7,0,,100,10.5,***,,74,76,450,56,56,,72,69,470,66,52,,72,72,470,60,58,,0.6,,,,,,,,807045.5,546041,451,607,1151,1049,14,,,,,5,936,-58,312,2300,96,79,15
29/01/2026 18:00:00,,,,,,,,,,,,,,,,,***,,,,,,,,,,,,,,,,,,,,,,,,,,,,807059.3,,,,,,13.800000000046566,159.90000000002328,,,,,,,,,,,
29/01/2026 19:00:00,,19.8,46.2,61.3,9.4,8.8,85.8,12.9,72,32,95,5.1,0,,100,10.7,***,,73,76,450,57,58,,72,68,470,68,53,,74,71,470,60,60,,0.53,,6,668,99.1,17.6,23,,807073.1,546057,452,607,1151,1081,13.79999999993015,,,,,4.8,940,-59,313,2306,96,70,15
29/01/2026 20:00:00,,20.4,44.6,60.7,7.1,6.9,88.7,13.3,69,35,95,4.7,0,,100,10.4,***,,73,75,450,62,64,,72,68,470,71,55,,74,71,470,62,64,,0.52,,,,,,,,807086.9,546061,452,607,1151,1088,13.800000000046566,,,,,4.8,939,-68,313,2312,96,74,15
29/01/2026 21:00:00,,21.1,45,60.4,7,7.4,91.6,13.7,69,43,90,4.6,0,,100,10.4,***,,73,76,450,56,64,,72,68,470,68,54,,75,71,470,60,63,,0.52,,,,,,,,807100.6,546061,452,607,1151,1093,13.699999999953434,,,,,4.8,939,-61,312,2295,96,73,15
29/01/2026 22:00:00,,,,,,9.8,,,,,,,,,,10.6,***,,,,,,,,,,,,,,,,,,,,,,,,,,,,807114.4,,,607,1151,,13.800000000046566,,,,,,,,,,,,
29/01/2026 23:00:00,,,,,,,,,,,,,,,,,***,,,,,,,,,,,,,,,,,,,,,,,,,,,,807125.7,,,607,1151,,11.29999999993015,,,,,,,,,,,,
30/01/2026 00:00:00,,19.8,46.3,63.3,9.2,10.2,85.8,12.9,83,58,90,4.4,0,,95.6,10.8,***,,72,75,450,58,83,,72,68,470,69,75,,77,70,470,65,94,,0.53,,6.6,653,98.8,11.6,22,,807138.6,546062,450,607,1151,1139,12.900000000023283,,,,,5.2,941,-63,312,2298,96,71,15
30/01/2026 01:00:00,,20.1,48.1,66,8.6,9.2,85,12.7,79,28,90,4.4,0,,28.4,,***,,70,71,450,60,47,,71,66,470,72,43,,Off,,,,,,0.51,,,,,,,,807150.4,546066,448,607,1151,1143,11.800000000046566,,,,,5.2,942,-60,312,2288,96,70,15
30/01/2026 02:00:00,,18.8,47.5,64.3,9.5,9.8,81.6,12.2,84,43,85,4.4,0,,10.8,,***,,70,72,450,60,60,,72,67,470,71,55,,Off,,,,,,0.51,,,,,,,,807158,546066,448,607,1151,1149,7.599999999976717,,,,,4.9,941,-60,313,2308,96,72,15
30/01/2026 03:00:00,,17.7,47.6,66.4,7.7,6.9,77,11.5,72,23,85,4.3,0,,6.2,,***,,70,72,450,60,60,,72,67,470,73,53,,Off,,,,,,0.52,,6.9,643,98.8,11.5,22,,807167.3,546067,446,607,1151,1154,9.300000000046566,,,,,5.3,942,-62,312,2281,95,73,15
30/01/2026 04:00:00,,18.3,48.7,67.1,9,8.8,79.3,11.9,82,27,85,4.1,0,,5.1,,***,,70,72,450,60,63,,72,67,470,73,56,,Off,,,,,,0.52,,,,,,,,807176.3,546082,446,607,1151,1154,9,,,,,4.8,943,-65,313,2287,95,71,15
30/01/2026 05:00:00,,17.4,48.3,66.3,8,6.9,75.4,11.3,80,11,85,4.4,0,,4.1,,***,,70,72,450,60,57,,72,67,470,73,51,,Off,,,,,,0.52,,,,,,,,807184.9,546088,445,607,1151,1154,8.599999999976717,,,,,5.5,942,-65,312,2276,96,70,15
30/01/2026 06:00:00,,,,,,,,,,,,,,,,,***,,,,,,,,,,,,,,,,,,,,,,,,,,,,807193.7,546088,,,,,8.79999999993015,134.39999999990687,294.29999999993015,76,,,,,,,,,
30/01/2026 07:00:00,,CB,,,,,,,77,3,85,4.2,0,,5.1,11.2,***,,70,73,450,58,61,,72,67,470,71,54,,Off,,,,,,0.55,,6.4,659,98.9,12.5,22,,807202.5,546088,447,607,1151,1165,8.800000000046566,,,,,4.8,943,-59,314,2264,96,65,15
30/01/2026 08:00:00,,CB,,,,,,,58,9,85,3.9,0,,4.5,11.5,***,,71,74,450,58,59,,72,68,470,68,56,,Off,,,,,,0.53,,,,,,,,807211.1,546094,447,607,1151,1165,8.599999999976717,,,,,5.4,938,-57,312,2272,96,68,15
30/01/2026 09:00:00,,,,,,,,,,,,,,,,,***,,,,,,,,,,,,,,,,,,,,,,,,,,,,807219.5,546103,,,,,8.400000000023283,,,,,,,,,,,,
30/01/2026 10:00:00,,,,,,,,,,,,,,,,,***,,,,,,,,,,,,,,,,,,,,,,,,,,,,807228.1,546103,,,,,8.599999999976717,,,,,,,,,,,,
30/01/2026 11:00:00,,20.5,47.6,63.3,11.3,CB,88.7,13.3,67,9,85,4.9,0,,5.5,10.8,***,,71,74,450,56,68,,72,68,470,67,63,,Off,,,,,,0.55,,6,668,98.7,10.8,22,,807236.5,546103,442,607,1151,1129,8.400000000023283,,,,,4.8,938,-65,313,2275,96,68,15
30/01/2026 12:00:00,,,,,,,,,,,,,,,,,***,,,,,,,,,,,,,,,,,,,,,,,,,,,,807245.4,546103,,,,,8.900000000023283,,,,,,,,,,,,
30/01/2026 13:00:00,,CB,,,,,,,,,,,,,,,***,,,,,,,,,,,,,,,,,,,,,,,,,,,,807254.8,546105,,,,,9.400000000023283,,,,,,,,,,,,
30/01/2026 14:00:00,,CB,,,,,,,,,,,,,,,***,,,,,,,,,,,,,,,,,,,,,,,,,,,,807263.6,546105,,,,,8.79999999993015,,,,,,,,,,,,
30/01/2026 15:00:00,,CB,,,,,,,72,24,88,6.5,0,,2.2,11,***,,72,75,450,55,64,,72,68,470,67,57,,Off,,,,,,0.55,,5.7,673,98.9,14.7,22,,807272.1,546105,443,607,1151,1074,8.5,,,,,4.9,941,-66,312,2280,95,72,15
30/01/2026 16:00:00,,CB,,,,,,,70,33,90,6.1,0,,3.3,11.2,***,,72,75,450,55,61,,72,68,470,67,55,,Off,,,,,,0.6,,,,,,,,807280.3,546108,445,607,1151,1047,8.20000000006985,,,,,4.8,943,-59,312,2291,96,69,15
30/01/2026 17:00:00,,CB,,,,,,,66,42,90,5.9,0,,0,11.1,***,,72,75,450,55,67,,72,67,470,67,58,,Off,,,,,,0.58,,,,,,,,807288.5,546111,445,607,1151,1047,8.199999999953434,,,,,4.9,941,-57,314,2303,95,64,15
30/01/2026 18:00:00,,CB,,,,,,,,,,,,,,,***,,,,,,,,,,,,,,,,,,,,,,,,,,,,807296.7,,,,,,8.199999999953434,103,,,,,,,,,,,
30/01/2026 19:00:00,,CB,,,,,,,47,56,90,6,0,,4.8,11.6,***,,72,74,450,53,63,,72,67,470,63,57,,OFF,,,,,,0.61,,5.9,684,98.8,13,22,,807304.8,546123.1,445,607,1151,1054,8.100000000093132,,,,,5.5,944,-64,313,2315,94,65,15
30/01/2026 20:00:00,,CB,,,,,,,44,68,90,6.4,0,,1.5,11.4,***,,72,74,450,54,66,,72,67,470,65,59,,OFF,,,,,,0.57,,,,,,,,807312.9,546130,443,607,1151,1056,8.099999999976717,,,,,5.3,938,-53,314,2304,94,66,15
30/01/2026 21:00:00,,18.8,46,62.4,9,8,81.2,12.2,61,69,90,7.1,0,,6.7,11.4,***,,71,74,450,54,68,,72,67,470,66,59,,OFF,,,,,,0.58,,,,,,,,807321.1,546139,442,607,1151,1056,8.199999999953434,,,,,4.9,943,-56,312,2294,95,70,15
30/01/2026 22:00:00,,19.3,46.7,63,8.9,8,83.5,12.5,71,71,90,7.3,0,,8,11,***,,71,74,450,56,61,,72,67,470,67,54,,OFF,,,,,,0.57,,,,,,,,807329.5,546146,442,607,1151,1058,8.400000000023283,,,,,4.6,937,-63,314,2289,96,73,15
30/01/2026 23:00:00,,19.2,48.5,63.6,9.5,8.5,83.2,12.5,80,80,90,7.2,0,,1,12,***,,72,74,450,54,66,,72,67,470,66,57,,OFF,,,,,,0.57,,6.2,691,99.1,12.7,22,,807337.6,546153,441,607,1151,1060,8.099999999976717,,,,,4.7,943,-57,314,2275,95,69,15
31/01/2026 00:00:00,,17.4,48.2,64.1,8.4,8.6,75.5,11.3,78,32,85,7.6,0,,15.7,11.5,***,,71,74,450,56,60,,72,67,470,68,54,,OFF,,,,,,0.58,,,,,,,,807346,546154,439,607,1151,1068,8.400000000023283,,,,,4.7,938,-66,313,2286,95,73,15
31/01/2026 01:00:00,,18,47.9,64.7,8.8,7.8,78.1,11.7,62,34,85,8,0,,30.6,10.4,***,,72,75,450,54,66,,72,67,470,64,59,,55,56,400,45,63,,0.59,,,,,,,,807356.1,546164,439,607,1151,1068,10.099999999976717,,,,,5.1,937,-67,313,2271,95,73,15
31/01/2026 02:00:00,,18.4,46.6,66,8,7.7,79.9,12,61,29,85,8.5,0,,44.9,11.4,***,,74,76,450,53,67,,72,68,470,67,58,,66,72,450,56,65,,0.58,,,,,,,,807368.4,546168,439,607,1151,1068,12.300000000046566,,,,,4.8,941,-56,313,2294,95,73,15
31/01/2026 03:00:00,,18.7,45.5,65,7.7,7.1,80.9,12.1,73,48,85,8.8,0,,87.7,11.4,***,,74,77,450,53,66,,72,69,470,68,54,,68,75,470,60,62,,0.56,,6.1,688,99,14.5,22,,807381.5,546174,441,607,1151,1071,13.099999999976717,,,,,5,937,-62,313,2272,95,76,15
31/01/2026 04:00:00,,19.9,45.5,65.8,8.3,7.8,86.4,13,76,63,85,8.5,0,,97.1,11.1,***,,74,77,450,55,64,,72,69,470,70,53,,69,75,470,60,64,,0.58,,,,,,,,807394.6,546185,441,607,1151,1081,13.099999999976717,,,,,5.2,940,-73,313,2284,95,76,15
31/01/2026 05:00:00,,20.9,45,67.7,,,90.6,13.6,75,72,85,8.6,0,,70.4,,***,,74,77,450,56,63,,72,68,470,70,56,,69,75,470,62,63,,0.57,,,,,,,,807407.8,546194,440,607,1151,1086,13.20000000006985,,,,,5.2,941,-59,312,,94,75,15
31/01/2026 06:00:00,,,,,,,,,,,,,,,,,***,,,,,,,,,,,,,,,,,,,,,,,,,,,,807421,546204,,,,,13.199999999953434,124.30000000004657,227.30000000004657,116,,,,,,,,,
31/01/2026 07:00:00,,CB,,,,,,,81,47,85,8.4,0,,15,10.7,***,,75,77,450,53,68,,72,69,470,61,59,,64,70,470,58,59,,0.56,,5.8,679,98.9,18.3,22,,807433,546204,440,607,1151,1104,12,,,,,5.2,939,-63,313,2269,93,74,15
31/01/2026 08:00:00,,CB,,,,,,,78,56,85,8.9,0,,43,11.3,***,,75,77,450,53,54,,72,69,470,67,62,,69,75,470,60,70,,0.59,,,,,,,,807445.2,546216,441,607,1151,1104,12.199999999953434,,,,,5.1,938,-55,313,2259,95,73,15
31/01/2026 09:00:00,,CB,,,,,,,,,,,,,,,***,,,,,,,,,,,,,,,,,,,,,,,,,,,,807454.5,546222,,,,,9.300000000046566,,,,,,,,,,,,
31/01/2026 10:00:00,,CB,,,,,,,,,,,,,,,***,,,,,,,,,,,,,,,,,,,,,,,,,,,,807462.8,546228,,,,,8.300000000046566,,,,,,,,,,,,
31/01/2026 11:00:00,,CB,,,,,,,48,84,85,8.8,0,,20,10.7,***,,73,75,450,54,83,,72,68,470,66,73,,55,56,450,55,77,,0.58,,5.7,680,99,19.8,22,,807472.3,546235,441,607,1151,1115,9.5,,,,,4.7,934,-61,313,2236,91,77,15
31/01/2026 12:00:00,,20.8,45.9,71.4,8.5,9.3,90.3,13.5,44,31,85,9.8,0,,60,10.4,***,,74,76,450,55,60,,72,68,470,69,54,,68,74,470,62,57,,0.58,,,,,,,,807485.2,546235,438,607,1151,1128,12.899999999906868,,,,,4.8,940,-61,313,2253,92,69,15
31/01/2026 13:00:00,,21.3,44.5,72,8.4,7.8,92.5,13.9,67,95,88,9.8,0,,100,10.8,***,,76,77,450,54,63,,73,69,470,67,56,,70,76,450,59,60,,0.63,,,,,,,,807498.2,546244,437,607,1151,1132,13,,,,,4.9,937,-66,313,2246,90,75,15
31/01/2026 14:00:00,,21.7,44.9,70.8,7.8,6.5,94,14.1,79,93,92,10.2,0,,100,11.3,***,,76,78,450,55,64,,72,69,470,72,53,,70,76,450,59,57,,0.61,,,,,,,,807510.8,546251,437,607,1151,1141,12.600000000093132,,,,,5.1,940,-73,313,2277,90,73,15
31/01/2026 15:00:00,,21.7,46.7,69.9,7.9,6.9,94,14.1,84,100,92,9.9,0,,100,10.6,***,,76,77,450,57,62,,72,69,470,74,53,,70,75,450,61,59,,0.62,,6,686,99,21.3,22,,807523.6,546256,439,607,1151,1148,12.79999999993015,,,,,4.7,942,-52,314,2281,93,79,15
31/01/2026 16:00:00,,CB,,,,,,,77,100,95,8.7,0,,100,10.3,***,,76,78,450,54,64,,73,70,470,66,57,,71,76,450,59,58,,0.6,,,,,,,,807536.3,546256,441,607,1151,1159,12.70000000006985,,,,,4.9,940,-54,313,2284,94,75,15
31/01/2026 17:00:00,,CB,,,,,,,72,100,95,8.4,0,,100,10.9,***,,75,77,450,57,74,,72,69,470,73,68,,70,75,450,61,70,,0.63,,,,,,,,807549.1,546258,442,607,1151,1163,12.79999999993015,,,,,4.6,945,-46,314,2296,94,71,15
31/01/2026 18:00:00,,,,,,,,,,,,,,,,,***,,,,,,,,,,,,,,,,,,,,,,,,,,,,807561.9,546268,442,607,1151,1163,12.800000000046566,140.90000000002328,,,,,,,,,,,
31/01/2026 19:00:00,,21,46.8,65.3,10,10.9,91,13.7,53,31,95,8.1,0,,1.2,12,***,,Off,,,,,,72,68,470,68,81,,65,68,470,61,90,,0.59,,6.7,691,99.3,16,23,,807570.8,546273,443,607,1151,1171,8.900000000023283,,,,,4.8,939,-50,313,2301,93,74,15
31/01/2026 20:00:00,,21,47.3,65.9,8.1,8.5,87,13,50,32,95,8,0,,5.4,11.6,***,,Off,,,,,,72,68,470,72,54,,68,71,470,64,58,,0.58,,,,,,,,807579,546280,443,607,1151,1172,8.199999999953434,,,,,5.1,941,-61,312,2295,94,70,15
31/01/2026 21:00:00,,20.5,45,65.8,7,7.4,89,13.3,49,32,95,8,0,,3.3,10.9,***,,Off,,,,,,72,68,470,71,52,,69,72,470,66,57,,0.58,,,,,,,,807588.1,546290,443,607,1151,1172,9.099999999976717,,,,,4.8,938,-63,312,2282,94,69,15
31/01/2026 22:00:00,,20.1,46.8,65.6,10.3,11.4,87.3,13.1,42,34,95,8.2,0,,18.8,11,***,,Off,,,,,,73,69,470,70,53,,69,73,470,65,59,,0.59,,,,,,,,807597.3,546308,442,607,1151,1172,9.20000000006985,,,,,5.1,946,-47,312,2296,94,64,15
31/01/2026 23:00:00,,19.4,45.8,65.1,8.6,8.8,84.1,12.6,58,82,95,7.9,0,,15.1,11.3,***,,Off,,,,,,73,69,470,70,57,,69,73,470,64,63,,0.6,,6.3,694,99.2,16.7,22,,807606.4,546308,441,607,1151,1174,9.099999999976717,,,,,4.9,940,-61,313,2298,95,68,15
01/02/2026 00:00:00,,19.6,46.4,64.9,7.4,7.4,84.8,12.7,66,84,95,8.5,0,,19.1,11.9,***,,Off,,,,,,72,68,470,72,53,,69,72,470,64,59,,0.6,,,,,,,,807615.6,546314,441,607,1151,1178,9.199999999953434,,,,,4.8,936,-58,313,2291,95,68,15
01/02/2026 01:00:00,,20.6,46.5,65.6,8,8.3,89.3,13.4,65,32,95,7.9,0,,16.6,11.7,***,,Off,,,,,,72,68,470,69,52,,70,73,470,63,58,,0.59,,,,,,,,807624.7,546314,442,607,1151,1183,9.099999999976717,,,,,5.6,932,-73,312,2281,94,74,15
01/02/2026 02:00:00,,21,45.6,66.5,BW,9.5,91,13.6,42,23,95,7.7,0,,10.5,11.2,***,,Off,,,,,,72,68,470,68,56,,69,72,470,62,61,,0.58,,,,,,,,807634,546322,441,607,1151,1183,9.300000000046566,,,,,5.2,938,-61,313,2291,94,74,15
01/02/2026 03:00:00,,21.3,47.5,65.8,9,9.1,92.2,13.8,46,20,95,7.2,0,,16,11.2,***,,Off,,,,,,73,68,470,67,57,,70,73,470,61,62,,0.59,,6,685,99.5,18,23,,807643.1,546330,441,607,1151,1183,9.099999999976717,,,,,5.2,939,-68,312,2279,94,73,15
01/02/2026 04:00:00,,21.1,47.3,65.9,9.8,10.1,91.3,13.7,54,34,95,7,0,,22.8,10.9,***,,66,68,450,68,51,,73,68,470,66,67,,71,73,470,59,73,,0.61,,,,99.2,,,,807652.5,546333,441,607,1151,1190,9.400000000023283,,,,,4.5,945,-52,314,2297,95,74,15
01/02/2026 05:00:00,,20.5,47.7,65.4,9.2,8.6,88.7,13.3,66,54,95,6.1,0,,41.7,10.7,***,,69,71,450,69,50,,73,69,470,69,51,,72,73,470,62,62,,0.58,,,,,,,,807666,546341,445,607,1151,1193,13.5,,,,,5.7,946,-56,313,2312,94,70,15
01/02/2026 06:00:00,,19.7,46.8,64.5,8.6,,85.2,12.8,74,62,95,5.6,0,,57,,***,,70,73,450,69,48,,73,69,450,63,53,,72,73,450,58,60,,0.61,,,,,,,,807679.8,546349,446,607,1151,1199,13.800000000046566,117.90000000002328,258.80000000004657,145,,5.2,938,-67,312,2294,96,71,15
